date,operator,location,operation,note,Power Unit,Seeds planted,Seeding Rate (seeds/ac),Fertilizers applied,Fertilizer Rate (lb/ac)
4/24/2022,Evan,200,Spread/Spray,2-4D round up burn down ,Hagie STS12,,,,
4/27/2022,Bryan,6,Spread/Spray,"20oz ru, 11 24d",Hagie STS12,,,,
4/27/2022,Bryan,5,Spread/Spray,20 oz ru/ 11 oz 24d,Hagie STS12,,,,
4/27/2022,Bryan,Cotton,Spread/Spray,20 oz ru. 11 oz 24d,Hagie STS12,,,,
4/27/2022,Bryan,101,Spread/Spray,20 oz ru 11 oz 24d,Hagie STS12,,,,
4/27/2022,Evan,61,Tillage,,,,,,
4/27/2022,Evan,62,Tillage,,,,,,
4/27/2022,Evan,70S,Tillage,,,,,,
4/27/2022,Evan,63,Tillage,,,,,,
4/28/2022,Evan,54N,Tillage,,,,,,
4/27/2022,Evan,83,Tillage,,,,,,
4/27/2022,Evan,65,Tillage,,,,,,
4/27/2022,Evan,68,Tillage,,,,,,
4/27/2022,Evan,56,Tillage,,,,,,
4/27/2022,Aaron,52,Tillage,JD FC & Rolling Basket ,4555,,,,
4/27/2022,Aaron,51,Tillage,JD FC & Rolling Basket ,4555,,,,
4/27/2022,Bryan,117,Spread/Spray,"20 gal 28, 1.5 qt bicep, .75 qt atz, 12 oz instinct",Hagie STS12,,,,
4/27/2022,Bryan,107,Spread/Spray,"20 gal 28, 1.5 qt bicep, .75 qt atz, 12 oz instinct.   Minus quinn on the East end",Hagie STS12,,,,
4/27/2022,Bryan,95,Spread/Spray,"20 gal 28, 1.75 qt bicep, .75 qt atz, 12 oz instinct.  Minus guri plot East end",Hagie STS12,,,,
4/27/2022,Bryan,64,Spread/Spray,"20 gal 28, 1.75 qt bicep, .75 qt atz, 12 oz instinct ",Hagie STS12,,,,
4/27/2022,Bryan,63,Spread/Spray,"20 gal 28, 1.75 qt bicep, .75 qt atz, 12 oz instinct ",Hagie STS12,,,,
4/27/2022,Bryan,62,Spread/Spray,"20 gal 28, 1.75 qt bicep, .75 qt atz, 12 oz instinct ",Hagie STS12,,,,
4/27/2022,Bryan,23,Spread/Spray,"20 gal 28, 1.75 qt bicep, .75 qt atz, 12 oz instinct ",Hagie STS12,,,,
4/27/2022,Bryan,3,Spread/Spray,"20 gal 28, 1.75 qt bicep, .75 atz, 12 oz instinct ",Hagie STS12,,,,
4/27/2022,Bryan,4,Spread/Spray,"20 gal 28, 1.75 qt bicep, .75 qt atz, 12 oz instinct ",Hagie STS12,,,,
4/27/2022,Bryan,The Teens,Spread/Spray,"20 gal 28, 1.75 qt bicep, .75 qt Atz, 12 oz instinct ",Hagie STS12,,,,
4/28/2022,Evan,The Teens,Tillage,,,,,,
4/28/2022,Evan,95,Tillage,,,,,,
4/28/2022,Evan,64,Tillage,,,,,,
4/28/2022,Evan,63,Tillage,,,,,,
4/28/2022,Aaron,72,Plant,,8245R,Soy - P31T64E,140000,,
4/28/2022,Evan,62,Tillage,,,,,,
4/28/2022,Aaron,82,Plant,,8245R,Soy - P31T64E,14000,,
4/28/2022,Bryan,54N,Spread/Spray,,4240,,,ATS,7
4/28/2022,Bryan,54S,Spread/Spray,,4240,,,ATS,7
4/28/2022,Evan,107,Tillage,,,,,,
4/28/2022,Aaron,111,Plant,,8245R,Soy - P31T64E,140000,,
4/28/2022,Bryan,The Teens,Plant,"Lots of chickweed residue, fairly rough ",8R370,Corn - P0720AM,33000,,
4/28/2022,Bryan,107,Plant,,8R370,Corn - P0720AM,33000,,
4/28/2022,Bryan,95,Plant,,8R370,Corn - P0720AM,33000,,
4/28/2022,Evan,55S,Spread/Spray,Round up 2-4D valor,,,,,
4/28/2022,Evan,55C,Spread/Spray,Round up 2-4D valor,,,,,
4/28/2022,Evan,111,Spread/Spray,Round up 2-4D valor,,,,,
4/28/2022,Evan,82,Spread/Spray,Round up 2-4D valor,Hagie STS12,,,,
4/28/2022,Evan,85,Spread/Spray,Round up 2-4D valor,Hagie STS12,,,,
4/29/2022,Evan,59,Plant,Planted on 4 degree angle,8245R,Soy - P31T64E,140000,,
4/29/2022,Evan,68,Plant,,8245R,Soy - P31T64E,140000,,
4/29/2022,Evan,65,Plant,,8245R,Soy - P31T64E,140000,,
4/29/2022,Evan,56,Plant,,8245R,Soy - Becks 2830E3,140000,,
4/29/2022,Bryan,64,Plant,,8R370,Corn - P0720AM,33000,,
4/29/2022,Bryan,63,Plant,,8R370,Corn - P0720AM,33000,,
4/29/2022,Bryan,62,Plant,,8R370,Corn - P0720AM,33000,,
4/29/2022,Bryan,23,Plant,,8R370,Corn - P0720AM,33000,,
4/29/2022,Bryan,4,Plant,,8R370,Corn - P0720AM,33000,,
4/29/2022,Bryan,3,Plant,,8R370,Corn - P0720AM,33000,,
4/29/2022,Evan,51,Plant,,8R370,Soy - Becks 2830E3,140000,,
4/29/2022,Aaron,58,Spread/Spray,,Hagie STS12,,,,
4/29/2022,Aaron,57,Spread/Spray,,Hagie STS12,,,,
4/29/2022,Aaron,59,Spread/Spray,Soy Pre. 3oz valor&32oz rd up,Hagie STS12,,,,
4/29/2022,Rachel,57,Tillage,,Not applicable,,,,
4/29/2022,Rachel,115,Tillage,Fc,,,,,
4/29/2022,Rachel,116,Tillage,,Case Magnum,,,,
4/29/2022,Rachel,118,Tillage,,Case Magnum,,,,
4/29/2022,Aaron,68,Spread/Spray,Valor XLT,Hagie STS12,,,,
4/29/2022,Rachel,106,Tillage,,Case Magnum,,,,
4/29/2022,Evan,34,Plant,,8245R,Soy - Becks 2830E3,140000,,
4/29/2022,Aaron,65,Spread/Spray,Valor XLT,Hagie STS12,,,,
4/29/2022,Aaron,56,Spread/Spray,Valor XLT,Hagie STS12,,,,
4/29/2022,Aaron,51,Spread/Spray,Valor XLT,Hagie STS12,,,,
4/29/2022,Aaron,34,Spread/Spray,Valor XLT,Hagie STS12,,,,
4/29/2022,Aaron,83,Spread/Spray,Valor XLT,Hagie STS12,,,,
4/29/2022,Rachel,86,Tillage,,Case Magnum,,,,
4/29/2022,Rachel,96E,Tillage,,Case Magnum,,,,
4/29/2022,Evan,83,Plant,,8245R,Soy - Becks 2830E3,140000,,
4/29/2022,Evan,86,Plant,,8245R,Soy - Becks 2830E3,140000,,
4/29/2022,Bryan,57,Plant,,8R370,Corn - DKC61-98,33000,,
4/29/2022,Bryan,42,Tillage,,Case Magnum,,,,
4/30/2022,Evan,41,Tillage,,Case Magnum,,,,
4/30/2022,Aaron,42,Plant,,8245R,Soy - Becks 2830E3,140000,,
4/30/2022,Aaron,41,Plant,,8245R,Soy - Becks 2830E3,140000,,
4/30/2022,Aaron,91,Plant,,8245R,Soy - Becks 2830E3,140000,,
4/30/2022,Aaron,92,Plant,,8245R,Soy - Becks 2830E3,140000,,
4/30/2022,Evan,91,Tillage,,Case Magnum,,,,
4/30/2022,Evan,92,Tillage,,Case Magnum,,,,
4/30/2022,Evan,96E,Tillage,,Case Magnum,,,,
4/30/2022,Evan,96W,Tillage,,Case Magnum,,,,
4/30/2022,Evan,108,Tillage,,Case Magnum,,,,
4/30/2022,Evan,33,Tillage,,Case Magnum,,,,
4/29/2022,Rachel,91,Tillage,,Case Magnum,,,,
4/29/2022,Rachel,92,Tillage,,Case Magnum,,,,
4/30/2022,Aaron,96E,Plant,,8245R,Soy - CP2822E,140000,,
4/30/2022,Aaron,108,Plant,,8245R,Soy - CP2822E,140000,,
4/30/2022,Aaron,71,Plant,,8245R,Soy - CP2822E,140000,,
4/30/2022,Aaron,51,Plant,,8245R,Soy - CP2822E,140000,,
4/30/2022,Aaron,33,Plant,,8245R,Soy - CP2822E,140000,,
4/30/2022,Evan,41,Spread/Spray,Valor,Hagie STS12,,,,
4/30/2022,Evan,71,Spread/Spray,Valor,Hagie STS12,,,,
4/30/2022,Evan,33,Spread/Spray,Valor,Hagie STS12,,,,
4/30/2022,Evan,42,Spread/Spray,Valor,Hagie STS12,,,,
4/30/2022,Evan,91,Spread/Spray,Valor,Hagie STS12,,,,
4/30/2022,Evan,92,Spread/Spray,Valor,Hagie STS12,,,,
4/30/2022,Evan,96E,Spread/Spray,Valor,Hagie STS12,,,,
4/30/2022,Evan,108,Spread/Spray,Valor,Hagie STS12,,,,
4/30/2022,Evan,Cotton,Spread/Spray,Valor,Hagie STS12,,,,
4/30/2022,Evan,5,Spread/Spray,Valor,Hagie STS12,,,,
4/30/2022,Evan,33,Spread/Spray,Valor,Hagie STS12,,,,
4/28/2022,Aaron,85,Plant,,8245R,Soy - P31T64E,140000,,
4/30/2022,Bryan,118,Plant,,8R370,Corn - Becks 6374V2P,36000,,
4/30/2022,Bryan,116,Plant,,8R370,Corn - Becks 6374V2P,36000,,
4/30/2022,Bryan,115,Plant,,8R370,Corn - Becks 6374V2P,36000,,
4/30/2022,Bryan,110,Plant,,8R370,Corn - Becks 6374V2P,36000,,
4/30/2022,Bryan,5,Tillage,,Case Magnum,,,,
4/30/2022,Bryan,10D,Tillage,,Case Magnum,,,,
4/30/2022,Bryan,33,Tillage,,Case Magnum,,,,
4/30/2022,Bryan,71,Tillage,,Case Magnum,,,,
4/30/2022,Bryan,70N,Tillage,,Case Magnum,,,,
5/2/2022,Aaron,5,Plant,,8245R,Soy - P18T91E,140000,,
5/2/2022,Aaron,Cotton,Plant,,8245R,Soy - CP2822E,140000,,
5/2/2022,Aaron,Trail Iso.,Plant,,8245R,Soy - CP2822E,140000,,
5/2/2022,Rachel,74,Tillage,,Case Magnum,,,,
5/2/2022,Rachel,75,Tillage,,Case Magnum,,,,
5/2/2022,Rachel,76,Tillage,,Case Magnum,,,,
5/2/2022,Rachel,200,Tillage,,Case Magnum,,,,
5/2/2022,Bryan,110,Spread/Spray,,Hagie STS12,,,,
5/2/2022,Bryan,115,Spread/Spray,,Hagie STS12,,,,
5/2/2022,Bryan,116,Spread/Spray,,Hagie STS12,,,,
5/2/2022,Bryan,118,Spread/Spray,,Hagie STS12,,,,
5/2/2022,Bryan,200,Spread/Spray,Sprayed west (partial) in op center under bicep ,Hagie STS12,,,,
5/2/2022,Bryan,200,Tillage,,Case Magnum,,,,
5/2/2022,Bryan,93,Tillage,,Case Magnum,,,,
5/2/2022,Bryan,94,Tillage,,Case Magnum,,,,
5/2/2022,Bryan,70S,Tillage,Remaining area around plot 2 nd pass,Case Magnum,,,,
5/2/2022,Bryan,15,Tillage,,Case Magnum,,,,
5/2/2022,Bryan,84,Tillage,,Case Magnum,,,,
5/2/2022,Evan,70N,Plant,,8245R,Soy - CP2822E,140000,,
5/2/2022,Evan,200,Tillage,West side,Case Magnum,,,,
5/10/2022,Aaron,41,Spread/Spray,Harmony on wheat plot ,4240,,,,
5/10/2022,Evan,71,Spread/Spray,Sprayed 50gal on ISO’s both east and west ends,Hagie STS12,,,28% UAN ,50
5/10/2022,Evan,42,Spread/Spray,Sprayed iso on east end 50 gal,Hagie STS12,,,28% UAN ,50
5/10/2022,Evan,34,Spread/Spray,Sprayed 50 gal iso on east end,Hagie STS12,,,28% UAN ,50
5/10/2022,Evan,24,Spread/Spray,,Hagie STS12,,,28% UAN ,50
5/10/2022,Evan,15,Spread/Spray,,Hagie STS12,,,28% UAN ,50
5/10/2022,Evan,10C,Spread/Spray,,Hagie STS12,,,28% UAN ,13
5/10/2022,Evan,103,Spread/Spray,,Hagie STS12,,,28% UAN ,60
5/11/2022,Bryan,LTT,Spread/Spray,Roundup @30 oz. ,Hagie STS12,,,,
5/11/2022,Bryan,105,Spread/Spray,3oz valor,Hagie STS12,,,,
5/11/2022,Bryan,93,Spread/Spray,,Hagie STS12,,,,
5/11/2022,Bryan,94,Spread/Spray,,Hagie STS12,,,,
5/11/2022,Bryan,6,Plant,,8R370,Corn - Becks 6374V2P,36000,,
5/11/2022,Bryan,93,Plant,P 1099q ,8R370,Other - refer to notes,30000,,
5/11/2022,Bryan,94,Plant,P1099q,8R370,Other - refer to notes,30000,,
5/11/2022,Rachel,6,Tillage,Disced former grass edges around field ahead of planting,4440,,,,
5/11/2022,Rachel,84,Plant,West half,8245R,Soy - CP2822E,150000,,
5/11/2022,Rachel,McKinnis,Tillage,,Case Magnum,,,,
5/11/2022,Aaron,McKinnis,Plant,West 65 acres,8245R,Soy - P31T64E,140000,,
5/11/2022,Evan,6,Tillage,,4555,,,,
5/11/2022,Evan,102,Tillage,,4555,,,,
5/11/2022,Evan,103,Tillage,,4555,,,,
5/11/2022,Evan,104N,Tillage,,4555,,,,
5/11/2022,Evan,104,Tillage,,4555,,,,
5/11/2022,Evan,32,Tillage,,4555,,,,
5/11/2022,Evan,McKinnis,Tillage,,4555,,,,
5/12/2022,Bryan,84,Plant,Blank for ma,8R370,Other - refer to notes,,,
5/12/2022,Bryan,200,Spread/Spray,Last 45 acres (East) degree extra ,Hagie STS12,,,28% UAN ,20
5/12/2022,Bryan,6,Spread/Spray,Degree extra ,Hagie STS12,,,28% UAN ,20
5/12/2022,Rachel,84,Tillage,Tillage before marking rows....rough,,,,,
5/12/2022,Rachel,70S,Tillage,3rd pass for wetland group,Case Magnum,,,,
5/12/2022,Rachel,McKinnis,Tillage,,Case Magnum,,,,
5/12/2022,Rachel,McKinnis,Plant,Ran out along road and finished with two bags of 2.6 Pioneer leftover from Casteel.,8245R,Soy - Becks 3510E3,145000,,
5/13/2022,Aaron,McKinnis,Spread/Spray,Valor,Hagie STS12,,,,
5/14/2022,Bryan,200,Plant,"1108q, dk5835, p0720",8R370,Corn - P1108Q,33000,,
5/14/2022,Aaron,76,Spread/Spray,Valor XLT usda plot ,4240,,,,
5/14/2022,Aaron,84,Spread/Spray,"Valor XLT on Ma Plot east end
Valor XLT west end fill
",4240,,,,
5/14/2022,Aaron,67,Spread/Spray,,4240,,,,
5/14/2022,Aaron,78,Spread/Spray,,4240,,,,
5/13/2022,Evan,58,Plant,"Planted with 6 row. 33,000 pop. 13 gal 10-34-0 planted west to east",8245R,Corn - DKC61-98,33000,10-34-0,13
5/14/2022,Evan,77,Spread/Spray,,4240,,,,
5/14/2022,Evan,101,Spread/Spray,,Hagie STS12,,,,
5/14/2022,Evan,117,Spread/Spray,,Hagie STS12,,,,
5/14/2022,Evan,58,Spread/Spray,Bulk fill sprayed ,Hagie STS12,,,,
5/14/2022,Evan,15,Spread/Spray,,Hagie STS12,,,,
5/14/2022,Evan,102,Spread/Spray,,Hagie STS12,,,,
5/14/2022,Bryan,117,Plant,,8R370,Corn - Becks 5909AM,33000,,
5/14/2022,Bryan,101,Plant,,8R370,Corn - Becks 5909AM,33000,,
5/14/2022,Bryan,59,Plant,,8R370,Corn - Becks 5909AM,33000,,
5/14/2022,Bryan,96W,Plant,,8R370,Corn - Becks 5909AM,33000,,
5/14/2022,Bryan,15,Plant,,8R370,Corn - Becks 5909AM,33000,,
5/14/2022,Rachel,66,Tillage,,Case Magnum,,,,
5/14/2022,Rachel,69,Tillage,,Case Magnum,,,,
5/14/2022,Rachel,131,Tillage,About 1/3 done before rained out ,Case Magnum,,,,
5/24/2022,Aaron,LTT,Spread/Spray,Dual on soybean plots,4240,,,,
5/24/2022,Aaron,22B,Spread/Spray,"Dual, atrazine, rd up to west 9 planter passes in Guri plot ",4240,,,,
5/24/2022,Bryan,WQFS,Spread/Spray,11 oz rup/ 11 oz extendimax,Gator,,,,
5/24/2022,Bryan,84,Plant,Blank for ma ,8245R,Other - refer to notes,,,
5/24/2022,Aaron,84,Spread/Spray,Dual and round up,4240,,,,
5/31/2022,Aaron,WQFS,Plant,,6400 Cab,Other - refer to notes,33000,,
5/31/2022,Aaron,WQFS,Plant,,,Soy - P26T23E,150000,,
5/31/2022,Aaron,70S,Plant,,6400 Cab,Other - refer to notes,33000,,
5/31/2022,Aaron,106,Plant,Dekalb provided by Brian young ,8R370,Other - refer to notes,33000,,
5/31/2022,Bryan,67,Spread/Spray,Roundup zidua solar panels ,4240,,,,
5/31/2022,Bryan,3,Spread/Spray,Sidedress,8245R,,,28% UAN ,40
5/31/2022,Bryan,4,Spread/Spray,Sidedress,8245R,,,28% UAN ,40
5/31/2022,Bryan,23,Spread/Spray,,8245R,,,28% UAN ,40
5/31/2022,Bryan,54S,Spread/Spray,Vyn plot,8245R,,,28% UAN ,
5/31/2022,Bryan,54N,Spread/Spray,Vyn plot,8245R,,,28% UAN ,
5/31/2022,Bryan,62,Spread/Spray,,8245R,,,28% UAN ,40
5/31/2022,Bryan,63,Spread/Spray,Not complete. 2/3 done ,8245R,,,28% UAN ,40
5/31/2022,Evan,43,Spread/Spray,Valor 3oz @20 gal,4240,,,,
5/31/2022,Evan,70N,Spread/Spray,Valor 3oz @20,4240,,,,
5/31/2022,Evan,73,Spread/Spray,Valor 3 oz @20 gal casteel/ma plot,4240,,,,
5/31/2022,Evan,76,Spread/Spray,Valor 3oz @20 gal roundup east end ,4240,,,,
5/31/2022,Evan,118,Tillage,Iso west end,Case Magnum,,,,
5/31/2022,Evan,116,Tillage,Iso east end sorghum ,Case Magnum,,,,
5/31/2022,Evan,131,Tillage,West 2/3,Case Magnum,,,,
5/31/2022,Evan,106,Tillage,,Case Magnum,,,,
5/31/2022,Evan,107,Tillage,Quinn iso east end,Case Magnum,,,,
5/31/2022,Evan,43,Tillage,,Case Magnum,,,,
5/31/2022,Evan,44,Tillage,,Case Magnum,,,,
5/31/2022,Evan,61,Tillage,,Case Magnum,,,,
5/31/2022,Evan,73,Tillage,,Case Magnum,,,,
5/31/2022,Evan,24,Tillage,,Case Magnum,,,,
5/31/2022,Evan,71,Tillage,Torbert iso east end,Case Magnum,,,,
5/31/2022,Evan,34,Tillage,Iso east end,Case Magnum,,,,
5/31/2022,Evan,9D,Tillage,,Case Magnum,,,,
5/31/2022,Evan,9CN,Tillage,,Case Magnum,,,,
5/31/2022,Evan,42,Tillage,Iso east end,Case Magnum,,,,
5/31/2022,Evan,66,Tillage,,Case Magnum,,,,
5/31/2022,Evan,95,Tillage,Iso east end,Case Magnum,,,,
5/31/2022,Evan,81,Tillage,,Case Magnum,,,,
6/1/2022,Evan,95,Spread/Spray,,Hagie STS12,,,28% UAN ,60
6/1/2022,Evan,106,Spread/Spray,,Hagie STS12,,,28% UAN ,60
6/1/2022,Evan,32,Spread/Spray,80 ft,Hagie STS12,,,,
6/1/2022,Evan,24,Spread/Spray,Sprayed west half,Hagie STS12,,,,
6/1/2022,Rachel,9D,Spread/Spray,"ATS 7gpa
13 starter
24 28%",Gator,,,"10-34-0,28% UAN ,Other - refer to notes",
6/1/2022,Evan,66,Spread/Spray,,Hagie STS12,,,,
6/1/2022,Evan,95,Spread/Spray,Iso east end,Hagie STS12,,,,
6/1/2022,Bryan,63,Spread/Spray,Last 1/3 north side,8245R,,,"28% UAN ,ATS",44
6/1/2022,Bryan,64,Spread/Spray,,8245R,,,"28% UAN ,ATS",44
6/1/2022,Bryan,95,Spread/Spray,,8245R,,,"28% UAN ,ATS",44
6/1/2022,Bryan,107,Spread/Spray,,8245R,,,28% UAN ,40
6/1/2022,Bryan,117,Spread/Spray,,8245R,,,28% UAN ,40
6/1/2022,Bryan,24,Spread/Spray,1.5 qt bicep  7ac sorghum,Hagie STS12,,,,
6/2/2022,Evan,69,Spread/Spray,22 ozRound up and 12 oz bicep,Hagie STS12,,,,
6/2/2022,Evan,43,Spread/Spray,Valor 3oz ac ,4240,,,,
6/2/2022,Evan,44,Spread/Spray,Valor 3 oz ac ,4240,,,,
6/2/2022,Evan,84,Spread/Spray,Valor 3 oz ac on center fill in ,4240,,,,
6/2/2022,Bryan,6,Spread/Spray,Bordered field ,8245R,,,28% UAN ,60
6/2/2022,Bryan,15,Spread/Spray,,8245R,,,28% UAN ,60
6/2/2022,Bryan,200,Spread/Spray,"200 East has strips with ats applied at 44 gpa, all the rest 40 gpa straight 28",8245R,,,"28% UAN ,ATS",40
6/3/2022,Bryan,69,Plant,,8R370,Corn - DKC58-35,33000,,
6/3/2022,Bryan,200,Plant,Replant (spot 29.5 ac),8R370,Corn - P0720AM,34000,,
6/4/2022,Aaron,200,Spread/Spray,Plus zidua,Hagie STS12,,,,
6/4/2022,Aaron,131,Spread/Spray,1/4 rate of prefix ,Hagie STS12,,,,
6/4/2022,Evan,104,Spread/Spray,R up fusillade ,4240,,,,
6/4/2022,Evan,96E,Spread/Spray,Round up fusillade ,4240,,,,
6/4/2022,Evan,55N,Spread/Spray,R up fusillade ,4240,,,,
6/4/2022,Evan,111,Spread/Spray,R up fusillade ,4240,,,,
6/4/2022,Evan,104N,Plant,Left over seed,6400 Cab,Other - refer to notes,33000,,
6/4/2022,Evan,116,Plant,Left over seed,6400 Cab,Other - refer to notes,32000,,
6/4/2022,Evan,71,Plant,Left over seed. Fill on west end ,6400 Cab,Other - refer to notes,33000,,
6/4/2022,Evan,9CN,Plant,Left over seed,6400 Cab,Other - refer to notes,33000,,
6/4/2022,Evan,32,Plant,Left over seed,6400 Cab,Other - refer to notes,33000,,
6/3/2022,Evan,118,Spread/Spray,,Hagie STS12,,,,
6/3/2022,Evan,117,Spread/Spray,,Hagie STS12,,,,
6/3/2022,Evan,116,Spread/Spray,,Hagie STS12,,,,
6/3/2022,Evan,115,Spread/Spray,,Hagie STS12,,,,
6/3/2022,Evan,The Teens,Spread/Spray,,Hagie STS12,,,,
6/3/2022,Evan,110,Spread/Spray,,Hagie STS12,,,,
6/3/2022,Evan,107,Spread/Spray,,Hagie STS12,,,,
6/3/2022,Evan,101,Spread/Spray,,Hagie STS12,,,,
6/3/2022,Evan,96W,Spread/Spray,,Hagie STS12,,,,
6/3/2022,Evan,95,Spread/Spray,,Hagie STS12,,,,
6/3/2022,Evan,58,Spread/Spray,,Hagie STS12,,,,
6/3/2022,Evan,57,Spread/Spray,,Hagie STS12,,,,
6/3/2022,Evan,64,Spread/Spray,,Hagie STS12,,,,
6/3/2022,Evan,63,Spread/Spray,,Hagie STS12,,,,
6/3/2022,Evan,62,Spread/Spray,,Hagie STS12,,,,
6/3/2022,Evan,54S,Spread/Spray,,Hagie STS12,,,,
6/3/2022,Evan,23,Spread/Spray,,Hagie STS12,,,,
6/3/2022,Evan,3,Spread/Spray,,,,,,
6/3/2022,Evan,4,Spread/Spray,,Hagie STS12,,,,
6/3/2022,Evan,6,Spread/Spray,,Hagie STS12,,,,
6/3/2022,Evan,15,Spread/Spray,,Hagie STS12,,,,
6/7/2022,Bryan,41,Spread/Spray,,Hagie STS12,,,,
6/7/2022,Bryan,42,Spread/Spray,,Hagie STS12,,,,
6/7/2022,Bryan,65,Spread/Spray,,Hagie STS12,,,,
6/7/2022,Bryan,75,Spread/Spray,,Hagie STS12,,,,
6/7/2022,Bryan,74,Spread/Spray,,Hagie STS12,,,,
6/7/2022,Bryan,72,Spread/Spray,,Hagie STS12,,,,
6/7/2022,Bryan,71,Spread/Spray,,Hagie STS12,,,,
6/7/2022,Bryan,70N,Spread/Spray,,Hagie STS12,,,,
6/7/2022,Bryan,82,Spread/Spray,,Hagie STS12,,,,
6/7/2022,Bryan,91,Spread/Spray,,Hagie STS12,,,,
6/7/2022,Bryan,92,Spread/Spray,,Hagie STS12,,,,
6/7/2022,Aaron,LTT,Spread/Spray,,4240,,,,
6/7/2022,Evan,83,Spread/Spray,,Hagie STS12,,,,
6/7/2022,Evan,21A,Spread/Spray,,Hagie STS12,,,,
6/7/2022,Evan,22B,Spread/Spray,,Hagie STS12,,,,
6/7/2022,Evan,22C,Spread/Spray,,Hagie STS12,,,,
6/7/2022,Evan,22D,Spread/Spray,,Hagie STS12,,,,
6/7/2022,Evan,22E,Spread/Spray,,Hagie STS12,,,,
6/7/2022,Evan,51,Spread/Spray,,Hagie STS12,,,,
6/7/2022,Evan,52,Spread/Spray,,Hagie STS12,,,,
6/7/2022,Evan,56,Spread/Spray,,Hagie STS12,,,,
6/7/2022,Evan,55S,Spread/Spray,,Hagie STS12,,,,
6/7/2022,Evan,55C,Spread/Spray,,Hagie STS12,,,,
6/7/2022,Evan,McKinnis,Spread/Spray,Sprayed 154 acres sprayed east west started at north end working south,Hagie STS12,,,,
6/10/2022,Rachel,9D,Spread/Spray,Roundup and Fusilade,Gator,,,,
6/9/2022,Bryan,10D,Spread/Spray,,Hagie STS12,,,,
6/9/2022,Bryan,Trail Iso.,Spread/Spray,,Hagie STS12,,,,
6/9/2022,Bryan,Cotton,Spread/Spray,"North end rows, East pass ran out 3/4 way to the south end. Refer op center map",Hagie STS12,,,,
6/14/2022,Bryan,67,Spread/Spray,Incenerate/atz,Hagie STS12,,,,
6/16/2022,Bryan,WQFS,Spread/Spray,,4440,,,28% UAN ,
6/17/2022,Aaron,107,Spread/Spray,"28% 51 gallon
ATS 5.2 gallon
",4440,,,,
6/16/2022,Aaron,70S,Spread/Spray,28% 58 gallon,4440,,,,
6/16/2022,Aaron,WQFS,Spread/Spray,,4240,,,,
6/20/2022,Aaron,WQFS,Spread/Spray,,4240,,,,
6/22/2022,Evan,70S,Spread/Spray,,Hagie STS12,,,,
6/22/2022,Evan,102,Spread/Spray,,,,,,
6/22/2022,Evan,61,Spread/Spray,,Hagie STS12,,,,
6/22/2022,Evan,66,Spread/Spray,,Hagie STS12,,,,
6/27/2022,Evan,9CS,Spread/Spray,Side dress with DTC bar. Applied 50 gal,Not applicable,,,28% UAN ,
7/1/2022,Evan,69,Spread/Spray,,Hagie STS12,,,,
7/1/2022,Evan,104N,Spread/Spray,,Hagie STS12,,,,
7/1/2022,Evan,32,Spread/Spray,,Hagie STS12,,,,
7/6/2022,Evan,54S,Spread/Spray,,Hagie STS12,,,,
7/6/2022,Evan,54N,Spread/Spray,,Hagie STS12,,,,
7/6/2022,Aaron,131,Spread/Spray,"42oz rd up, section 3, zidua",Hagie STS12,,,,
7/7/2022,Evan,41,Harvest,Wheat harvest ,,,,,
7/7/2022,Evan,22A,Harvest,Wheat harvest ,,,,,
7/7/2022,Evan,53,Harvest,Wheat harvest ,,,,,
7/11/2022,Evan,43,Spread/Spray,Fusillade and zidua,Hagie STS12,,,,
7/11/2022,Evan,44,Spread/Spray,Fusillade and zidua,Hagie STS12,,,,
7/11/2022,Evan,73,Spread/Spray,73w fusillade and zidua ,Hagie STS12,,,,
7/13/2022,Aaron,106,Spread/Spray,Liberty. On west 2/3 of field ,Hagie STS12,,,,
7/29/2022,Bryan,23,Spread/Spray,One swipe to clean out boom in center,Hagie STS12,,,,
7/28/2022,Bryan,56,Spread/Spray,One pass to clean out after spraying ,Hagie STS12,,,,
9/7/2022,Bryan,105,Spread/Spray,"Manganese 
2 qts/ac",Hagie STS12,,,,
9/21/2022,Aaron,5,Harvest,,S660,,,,
9/22/2022,Aaron,83,Harvest,,S660,,,,
9/26/2022,Evan,62,Harvest,,S660,,,,
9/26/2022,Evan,63,Harvest,Picked end rows and south 6.2 acres ,S660,,,,
9/26/2022,Bryan,61,Tillage,Vt 2660,8R370,,,,
9/23/2022,Bryan,The Teens,Harvest,,S660,,,,
9/26/2022,Evan,10D,Harvest,Soybeans ,S660,,,,
9/26/2022,Evan,34,Harvest,Soybeans,S660,,,,
9/26/2022,Evan,51,Harvest,,S660,,,,
9/26/2022,Evan,52,Harvest,,S660,,,,
9/28/2022,Bryan,3,Harvest,,S660,,,,
9/28/2022,Bryan,23,Harvest,,S660,,,,
9/28/2022,Bryan,95,Harvest,,S660,,,,
9/29/2022,Evan,95,Harvest,,S660,,,,
9/29/2022,Evan,115,Harvest,,S660,,,,
9/29/2022,Evan,118,Harvest,,S660,,,,
9/29/2022,Evan,56,Harvest,,S660,,,,
9/30/2022,Aaron,85,Harvest,,S660,,,,
9/30/2022,Bryan,The Teens,Tillage,12 angle 2deg,8R370X,,,,
9/30/2022,Bryan,33,Tillage,"6 angle, 2 degree. 7.8",8R370X,,,,
10/3/2022,Evan,Cotton,Harvest,,S660,,,,
10/3/2022,Evan,Trail Iso.,Harvest,,S660,,,,
10/3/2022,Evan,McKinnis,Harvest,,S660,,,,
10/4/2022,Aaron,92,Harvest,,S660,,,,
10/5/2022,Aaron,72,Tillage,,8R370X,,,,
10/5/2022,Bryan,200,Harvest,East 20 ac,S660,,,,
10/5/2022,Bryan,McKinnis,Harvest,60 ac ,S660,,,,
10/8/2022,Evan,57,Harvest,,S660,,,,
10/10/2022,Evan,70N,Tillage,,8R370X,,,,
10/10/2022,Rachel,McKinnis,Soil Sampled,,,,,,
10/10/2022,Rachel,131,Soil Sampled,,,,,,
10/14/2022,Rachel,131,Tillage,,8R370X,,,,
10/14/2022,Rachel,118,Tillage,,8R370X,,,,
10/14/2022,Evan,200,Harvest,,S660,,,,
10/16/2022,Evan,200,Harvest,,S660,,,,
10/20/2022,Bryan,94,Tillage,,8R370,,,,
10/24/2022,Evan,10C,Harvest,Cleaned off,S660,,,,
10/24/2022,Evan,54N,Harvest,Cleaned off,S660,,,,
10/24/2022,Evan,54S,Harvest,Cleaned off,S660,,,,
10/24/2022,Evan,69,Harvest,,S660,,,,
11/4/2022,Evan,58,Harvest,"Cleaned off
",S660,,,,
11/4/2022,Evan,WQFS,Harvest,,,,,,
11/4/2022,Bryan,200,Tillage,,8R370,,,,
11/4/2022,Bryan,23,Tillage,,8R370,,,,
11/7/2022,Evan,9CN,Harvest,Picked corn around sorghum ,S660,,,,
11/7/2022,Evan,116,Harvest,Picked corn around sorghum iso,S660,,,,
11/7/2022,Evan,107,Harvest,Picked corn iso on east end,S660,,,,
11/7/2022,Evan,71,Harvest,Picked corn around sorghum iso,S660,,,,
11/8/2022,Evan,69,Tillage,,8R370X,,,,
11/10/2022,Evan,53,Tillage,,8R370X,,,,
11/10/2022,Evan,WQFS,Tillage,Corn plots ,8R370X,,,,
11/23/2022,Evan,43,Tillage,,8R370X,,,,
11/23/2022,Evan,44,Tillage,,8R370X,,,,
11/23/2022,Evan,73,Tillage,,8R370X,,,,
12/7/2022,Bryan,61,Tillage,,8R370X,,,,
12/8/2022,Ceres,70N,Spread/Spray,"VRF Map avg 204 lbs /ac
VRF Potash avg 275 lbs/ac",,,,"MAP,Potash (0-0-60)",
12/8/2022,Ceres,43,Spread/Spray,"VRF Map  242 lbs/ac
Potash: 240 lbs/ac",,,,"MAP,Potash (0-0-60)",
12/8/2022,Ceres,44,Spread/Spray,"VRF MAP: 285 lbs.ac
Potash: 240 lbs/ac",,,,"MAP,Potash (0-0-60)",
12/8/2022,Ceres,84,Spread/Spray,"VRF MAP: 300 lbs/ac
Potash: 240 lbs/ac",,,,"MAP,Potash (0-0-60)",
12/8/2022,Ceres,73,Spread/Spray,"VRF MAP: 266 lbs/ac
VRF Potash: 252 lb/ac",,,,"MAP,Potash (0-0-60)",
12/8/2022,Ceres,74,Spread/Spray,"VRF MAP: 177 lbs/ac
VRF Potash: 266 lbs/ac",,,,"MAP,Potash (0-0-60)",
12/8/2022,Ceres,76,Spread/Spray,"VRF MAP: 292 lb/ac
VRF Potash: 240 lbs/ac",,,,"MAP,Potash (0-0-60)",
12/8/2022,Ceres,75,Spread/Spray,"VRF MAP: 180 lbs/ac
VRF Potash: 131 lbs/ac",,,,"MAP,Potash (0-0-60)",
12/8/2022,Ceres,81,Spread/Spray,"VRF MAP: 268 lbs/ac
VRF Potash: 78 lbs/ac",,,,"MAP,Potash (0-0-60)",
12/8/2022,Ceres,42,Spread/Spray,Potash: 260 lbs/ac,,,,Potash (0-0-60),
12/8/2022,Ceres,33,Spread/Spray,240 lbs/ ac,,,,Potash (0-0-60),
12/8/2022,Ceres,104,Spread/Spray,"VRF MAP: 294 lb/ac
VRF Potash: 170 lb/ac",,,,"Potash (0-0-60),MAP",
12/8/2022,Ceres,83,Spread/Spray,240 lbs/ac,,,,Potash (0-0-60),
12/8/2022,Ceres,82,Spread/Spray,260 lb/ac,,,,Potash (0-0-60),
12/8/2022,Ceres,41,Spread/Spray,240 lb/ac,,,,Potash (0-0-60),
12/8/2022,Ceres,10D,Spread/Spray,"MAP: 260 lb/ac
Potash: 240 lb/ac",,,,"Potash (0-0-60),MAP",
12/8/2022,Ceres,Cotton,Spread/Spray,"VRF MAP: 270 lb/ac
VRF Potash: 240 lb/ac",,,,"MAP,Potash (0-0-60)",
12/8/2022,Ceres,9D,Spread/Spray,"VRF Map: 255 lb/ac
VRF Potash: 265 lb/ac",,,,"MAP,Potash (0-0-60)",
11/22/2022,Ceres,McKinnis,Spread/Spray,"VRA Lime
Avg: .9 tn/ac",,,,Lime,
11/22/2022,Ceres,91,Spread/Spray,VRA Average rate: 1.2 tn/ac,,,,Lime,
11/17/2022,Ceres,McKinnis,Spread/Spray,"VRF MAP Avg: 255 lbs/ac
VRF Potash Avg: 242 lbs/ac",,,,"MAP,Potash (0-0-60)",
11/17/2022,Ceres,59,Spread/Spray,"VRF MAP: 255 lbs/ac
VRF Potash: 288 lbs/ac",,,,"MAP,Potash (0-0-60)",
11/17/2022,Ceres,131,Spread/Spray,"VRF MAP: 252 lbs/ac
VRF Potash: 262 lbs/ac",,,,"MAP,Potash (0-0-60)",
11/17/2022,Ceres,108,Spread/Spray,"VRF MAP: 283 lbs/ac
VRF Potash: 284 lbs/ac",,,,"MAP,Potash (0-0-60)",
11/17/2022,Ceres,34,Spread/Spray,"VRF MAP: 264 lb/ac
VRF Potash: 155 lb/ac",,,,"MAP,Potash (0-0-60)",
11/17/2022,Ceres,65,Spread/Spray,"VRF MAP: 266 lbs/ac
VRF Potash: 249 lbs/ac",,,,"MAP,Potash (0-0-60)",
11/17/2022,Ceres,72,Spread/Spray,"MAP: 250 lbs/ac
VRF Potash: 265 lbs/ac",,,,"MAP,Potash (0-0-60)",
11/17/2022,Ceres,86,Spread/Spray,"VRF MAP: 257 lbs/ac
VRF Potash: 253 lbs/ac",,,,"MAP,Potash (0-0-60)",
11/17/2022,Ceres,68,Spread/Spray,"VRF MAP: 264 lbs/ac
VRF Potash: 180 lbs/ac",,,,"MAP,Potash (0-0-60)",
11/17/2022,Ceres,91,Spread/Spray,"VRF MAP: 212 lbs/ac
VRF Potash: 249 lbs/ac",,,,"MAP,Potash (0-0-60)",
11/17/2022,Ceres,85,Spread/Spray,"VRF MAP: 142 lbs/ac
VRF Potash: 268 lbs/ac",,,,"MAP,Potash (0-0-60)",
11/17/2022,Ceres,56,Spread/Spray,"VRF MAP: 223 lbs/ac
VRF Potash: 85 lbs/ac",,,,"MAP,Potash (0-0-60)",
11/17/2022,Ceres,42,Spread/Spray,VRF: 185 lbs/ac,,,,MAP,
11/17/2022,Ceres,82,Spread/Spray,VRF MAP: 284 lbs/ac,,,,MAP,
11/17/2022,Ceres,83,Spread/Spray,VRF MAP: 279 lbs/ac,,,,MAP,
11/17/2022,Ceres,105,Spread/Spray,"VRF MAP: 153 lbs/ac
VRF Potash: 133 lbs/ac",,,,"MAP,Potash (0-0-60)",
11/17/2022,Ceres,111,Spread/Spray,"VRF MAP: 139 lbs/ac
VRF Potash: 121 lbs/ac",,,,"MAP,Potash (0-0-60)",
11/17/2022,Ceres,33,Spread/Spray,VRF MAP: 154 lbs/ac,,,,MAP,
11/17/2022,Ceres,41,Spread/Spray,VRF MAP: 115.8 lbs/ac,,,,MAP,
11/17/2022,Ceres,5,Spread/Spray,"MAP: 240 lbs/ac
Potash: 225 lbs/ac",,,,"MAP,Potash (0-0-60)",
