Domain Code,Domain,Area Code (M49),Area,Element Code,Element,Item Code,Item,Year Code,Year,Unit,Value,Flag,Flag Description,Note
RL,Land Use,001,World,5110,Area,6601,Land area,1961,1961,1000 ha,13041023.15,A,Official figure,
RL,Land Use,001,World,5110,Area,6601,Land area,1962,1962,1000 ha,13041021.15,A,Official figure,
RL,Land Use,001,World,5110,Area,6601,Land area,1963,1963,1000 ha,13041022.15,A,Official figure,
RL,Land Use,001,World,5110,Area,6601,Land area,1964,1964,1000 ha,13041022.15,A,Official figure,
RL,Land Use,001,World,5110,Area,6601,Land area,1965,1965,1000 ha,13041021.15,A,Official figure,
RL,Land Use,001,World,5110,Area,6601,Land area,1966,1966,1000 ha,13041020.15,A,Official figure,
RL,Land Use,001,World,5110,Area,6601,Land area,1967,1967,1000 ha,13041019.15,A,Official figure,
RL,Land Use,001,World,5110,Area,6601,Land area,1968,1968,1000 ha,13041018.15,A,Official figure,
RL,Land Use,001,World,5110,Area,6601,Land area,1969,1969,1000 ha,13041018.15,A,Official figure,
RL,Land Use,001,World,5110,Area,6601,Land area,1970,1970,1000 ha,13041017.15,A,Official figure,
RL,Land Use,001,World,5110,Area,6601,Land area,1971,1971,1000 ha,13041016.15,A,Official figure,
RL,Land Use,001,World,5110,Area,6601,Land area,1972,1972,1000 ha,13041005.15,A,Official figure,
RL,Land Use,001,World,5110,Area,6601,Land area,1973,1973,1000 ha,13040996.15,A,Official figure,
RL,Land Use,001,World,5110,Area,6601,Land area,1974,1974,1000 ha,13040948.15,A,Official figure,
RL,Land Use,001,World,5110,Area,6601,Land area,1975,1975,1000 ha,13040895.15,A,Official figure,
RL,Land Use,001,World,5110,Area,6601,Land area,1976,1976,1000 ha,13040872.15,A,Official figure,
RL,Land Use,001,World,5110,Area,6601,Land area,1977,1977,1000 ha,13040858.15,A,Official figure,
RL,Land Use,001,World,5110,Area,6601,Land area,1978,1978,1000 ha,13040856.15,A,Official figure,
RL,Land Use,001,World,5110,Area,6601,Land area,1979,1979,1000 ha,13040851.22,A,Official figure,
RL,Land Use,001,World,5110,Area,6601,Land area,1980,1980,1000 ha,13040831.22,A,Official figure,
RL,Land Use,001,World,5110,Area,6601,Land area,1981,1981,1000 ha,13040838.22,A,Official figure,
RL,Land Use,001,World,5110,Area,6601,Land area,1982,1982,1000 ha,13040818.22,A,Official figure,
RL,Land Use,001,World,5110,Area,6601,Land area,1983,1983,1000 ha,13040810.22,A,Official figure,
RL,Land Use,001,World,5110,Area,6601,Land area,1984,1984,1000 ha,13040657.23,A,Official figure,
RL,Land Use,001,World,5110,Area,6601,Land area,1985,1985,1000 ha,13040645.24,A,Official figure,
RL,Land Use,001,World,5110,Area,6601,Land area,1986,1986,1000 ha,13040654.25,A,Official figure,
RL,Land Use,001,World,5110,Area,6601,Land area,1987,1987,1000 ha,13040643.25,A,Official figure,
RL,Land Use,001,World,5110,Area,6601,Land area,1988,1988,1000 ha,13040641.26,A,Official figure,
RL,Land Use,001,World,5110,Area,6601,Land area,1989,1989,1000 ha,13040542.27,A,Official figure,
RL,Land Use,001,World,5110,Area,6601,Land area,1990,1990,1000 ha,13040541.28,A,Official figure,
RL,Land Use,001,World,5110,Area,6601,Land area,1991,1991,1000 ha,13040551.29,A,Official figure,
RL,Land Use,001,World,5110,Area,6601,Land area,1992,1992,1000 ha,12996254.49,A,Official figure,
RL,Land Use,001,World,5110,Area,6601,Land area,1993,1993,1000 ha,12995879.9,A,Official figure,
RL,Land Use,001,World,5110,Area,6601,Land area,1994,1994,1000 ha,12994675.21,A,Official figure,
RL,Land Use,001,World,5110,Area,6601,Land area,1995,1995,1000 ha,12994379.22,A,Official figure,
RL,Land Use,001,World,5110,Area,6601,Land area,1996,1996,1000 ha,12994333.7,A,Official figure,
RL,Land Use,001,World,5110,Area,6601,Land area,1997,1997,1000 ha,13001267.68,A,Official figure,
RL,Land Use,001,World,5110,Area,6601,Land area,1998,1998,1000 ha,12998664.45,A,Official figure,
RL,Land Use,001,World,5110,Area,6601,Land area,1999,1999,1000 ha,12999343.23,A,Official figure,
RL,Land Use,001,World,5110,Area,6601,Land area,2000,2000,1000 ha,13005250.76,A,Official figure,
RL,Land Use,001,World,5110,Area,6601,Land area,2001,2001,1000 ha,13005132.75,A,Official figure,
RL,Land Use,001,World,5110,Area,6601,Land area,2002,2002,1000 ha,13004914.05,A,Official figure,
RL,Land Use,001,World,5110,Area,6601,Land area,2003,2003,1000 ha,13005627.69,A,Official figure,
RL,Land Use,001,World,5110,Area,6601,Land area,2004,2004,1000 ha,13020282.84,B,Time series break,
RL,Land Use,001,World,5110,Area,6601,Land area,2005,2005,1000 ha,13020557.07,A,Official figure,
RL,Land Use,001,World,5110,Area,6601,Land area,2006,2006,1000 ha,13020335.88,E,Estimated value,
RL,Land Use,001,World,5110,Area,6601,Land area,2007,2007,1000 ha,13020314.12,E,Estimated value,
RL,Land Use,001,World,5110,Area,6601,Land area,2008,2008,1000 ha,13018728.07,E,Estimated value,
RL,Land Use,001,World,5110,Area,6601,Land area,2009,2009,1000 ha,13018572.17,E,Estimated value,
RL,Land Use,001,World,5110,Area,6601,Land area,2010,2010,1000 ha,13018809.89,E,Estimated value,
RL,Land Use,001,World,5110,Area,6601,Land area,2011,2011,1000 ha,13018858.08,B,Time series break,
RL,Land Use,001,World,5110,Area,6601,Land area,2012,2012,1000 ha,13031261.4,E,Estimated value,
RL,Land Use,001,World,5110,Area,6601,Land area,2013,2013,1000 ha,13031085.19,E,Estimated value,
RL,Land Use,001,World,5110,Area,6601,Land area,2014,2014,1000 ha,13031023.24,E,Estimated value,
RL,Land Use,001,World,5110,Area,6601,Land area,2015,2015,1000 ha,13031388.53,E,Estimated value,
RL,Land Use,001,World,5110,Area,6601,Land area,2016,2016,1000 ha,13032368.3,E,Estimated value,
RL,Land Use,001,World,5110,Area,6601,Land area,2017,2017,1000 ha,13031639.71,E,Estimated value,
RL,Land Use,001,World,5110,Area,6601,Land area,2018,2018,1000 ha,13031726.36,B,Time series break,
RL,Land Use,001,World,5110,Area,6601,Land area,2019,2019,1000 ha,13031707.94,B,Time series break,
RL,Land Use,001,World,5110,Area,6601,Land area,2020,2020,1000 ha,13031315.12,B,Time series break,
RL,Land Use,001,World,5110,Area,6601,Land area,2021,2021,1000 ha,13015149.5,B,Time series break,
RL,Land Use,001,World,5110,Area,6601,Land area,2022,2022,1000 ha,13015161.79,E,Estimated value,
RL,Land Use,001,World,5110,Area,6610,Agricultural land,1961,1961,1000 ha,4428036.711,E,Estimated value,
RL,Land Use,001,World,5110,Area,6610,Agricultural land,1962,1962,1000 ha,4437378.03,E,Estimated value,
RL,Land Use,001,World,5110,Area,6610,Agricultural land,1963,1963,1000 ha,4445857.216,E,Estimated value,
RL,Land Use,001,World,5110,Area,6610,Agricultural land,1964,1964,1000 ha,4454132.286,E,Estimated value,
RL,Land Use,001,World,5110,Area,6610,Agricultural land,1965,1965,1000 ha,4467494.989,E,Estimated value,
RL,Land Use,001,World,5110,Area,6610,Agricultural land,1966,1966,1000 ha,4475367.831,E,Estimated value,
RL,Land Use,001,World,5110,Area,6610,Agricultural land,1967,1967,1000 ha,4487187.705,E,Estimated value,
RL,Land Use,001,World,5110,Area,6610,Agricultural land,1968,1968,1000 ha,4521749.792,E,Estimated value,
RL,Land Use,001,World,5110,Area,6610,Agricultural land,1969,1969,1000 ha,4528799.172,E,Estimated value,
RL,Land Use,001,World,5110,Area,6610,Agricultural land,1970,1970,1000 ha,4523452.841,E,Estimated value,
RL,Land Use,001,World,5110,Area,6610,Agricultural land,1971,1971,1000 ha,4538435.346,E,Estimated value,
RL,Land Use,001,World,5110,Area,6610,Agricultural land,1972,1972,1000 ha,4553566.225,E,Estimated value,
RL,Land Use,001,World,5110,Area,6610,Agricultural land,1973,1973,1000 ha,4565367.936,E,Estimated value,
RL,Land Use,001,World,5110,Area,6610,Agricultural land,1974,1974,1000 ha,4578925.959,E,Estimated value,
RL,Land Use,001,World,5110,Area,6610,Agricultural land,1975,1975,1000 ha,4587206.894,E,Estimated value,
RL,Land Use,001,World,5110,Area,6610,Agricultural land,1976,1976,1000 ha,4589609.446,E,Estimated value,
RL,Land Use,001,World,5110,Area,6610,Agricultural land,1977,1977,1000 ha,4596383.544,E,Estimated value,
RL,Land Use,001,World,5110,Area,6610,Agricultural land,1978,1978,1000 ha,4613840.329,E,Estimated value,
RL,Land Use,001,World,5110,Area,6610,Agricultural land,1979,1979,1000 ha,4622293.741,E,Estimated value,
RL,Land Use,001,World,5110,Area,6610,Agricultural land,1980,1980,1000 ha,4636510.437,E,Estimated value,
RL,Land Use,001,World,5110,Area,6610,Agricultural land,1981,1981,1000 ha,4642712.847,E,Estimated value,
RL,Land Use,001,World,5110,Area,6610,Agricultural land,1982,1982,1000 ha,4658945.338,E,Estimated value,
RL,Land Use,001,World,5110,Area,6610,Agricultural land,1983,1983,1000 ha,4667501.363,E,Estimated value,
RL,Land Use,001,World,5110,Area,6610,Agricultural land,1984,1984,1000 ha,4694978.759,E,Estimated value,
RL,Land Use,001,World,5110,Area,6610,Agricultural land,1985,1985,1000 ha,4724083.859,E,Estimated value,
RL,Land Use,001,World,5110,Area,6610,Agricultural land,1986,1986,1000 ha,4723809.239,E,Estimated value,
RL,Land Use,001,World,5110,Area,6610,Agricultural land,1987,1987,1000 ha,4739349.303,E,Estimated value,
RL,Land Use,001,World,5110,Area,6610,Agricultural land,1988,1988,1000 ha,4757039.24,E,Estimated value,
RL,Land Use,001,World,5110,Area,6610,Agricultural land,1989,1989,1000 ha,4768541.842,E,Estimated value,
RL,Land Use,001,World,5110,Area,6610,Agricultural land,1990,1990,1000 ha,4778099.468,E,Estimated value,
RL,Land Use,001,World,5110,Area,6610,Agricultural land,1991,1991,1000 ha,4781462.88,E,Estimated value,
RL,Land Use,001,World,5110,Area,6610,Agricultural land,1992,1992,1000 ha,4820438.536,E,Estimated value,
RL,Land Use,001,World,5110,Area,6610,Agricultural land,1993,1993,1000 ha,4804332.833,E,Estimated value,
RL,Land Use,001,World,5110,Area,6610,Agricultural land,1994,1994,1000 ha,4826489.573,E,Estimated value,
RL,Land Use,001,World,5110,Area,6610,Agricultural land,1995,1995,1000 ha,4825902.52,E,Estimated value,
RL,Land Use,001,World,5110,Area,6610,Agricultural land,1996,1996,1000 ha,4833628.402,E,Estimated value,
RL,Land Use,001,World,5110,Area,6610,Agricultural land,1997,1997,1000 ha,4852771.28,E,Estimated value,
RL,Land Use,001,World,5110,Area,6610,Agricultural land,1998,1998,1000 ha,4866076.3,E,Estimated value,
RL,Land Use,001,World,5110,Area,6610,Agricultural land,1999,1999,1000 ha,4867702.211,E,Estimated value,
RL,Land Use,001,World,5110,Area,6610,Agricultural land,2000,2000,1000 ha,4872121.828,E,Estimated value,
RL,Land Use,001,World,5110,Area,6610,Agricultural land,2001,2001,1000 ha,4872655.452,E,Estimated value,
RL,Land Use,001,World,5110,Area,6610,Agricultural land,2002,2002,1000 ha,4864117.653,B,Time series break,
RL,Land Use,001,World,5110,Area,6610,Agricultural land,2003,2003,1000 ha,4845199.55,B,Time series break,
RL,Land Use,001,World,5110,Area,6610,Agricultural land,2004,2004,1000 ha,4803494.691,B,Time series break,
RL,Land Use,001,World,5110,Area,6610,Agricultural land,2005,2005,1000 ha,4810891.466,B,Time series break,
RL,Land Use,001,World,5110,Area,6610,Agricultural land,2006,2006,1000 ha,4810424.763,E,Estimated value,
RL,Land Use,001,World,5110,Area,6610,Agricultural land,2007,2007,1000 ha,4802272.108,E,Estimated value,
RL,Land Use,001,World,5110,Area,6610,Agricultural land,2008,2008,1000 ha,4788660.85,B,Time series break,
RL,Land Use,001,World,5110,Area,6610,Agricultural land,2009,2009,1000 ha,4784791.787,E,Estimated value,
RL,Land Use,001,World,5110,Area,6610,Agricultural land,2010,2010,1000 ha,4785537.453,B,Time series break,
RL,Land Use,001,World,5110,Area,6610,Agricultural land,2011,2011,1000 ha,4806636.437,E,Estimated value,
RL,Land Use,001,World,5110,Area,6610,Agricultural land,2012,2012,1000 ha,4806364.414,E,Estimated value,
RL,Land Use,001,World,5110,Area,6610,Agricultural land,2013,2013,1000 ha,4795866.039,B,Time series break,
RL,Land Use,001,World,5110,Area,6610,Agricultural land,2014,2014,1000 ha,4795439.66,B,Time series break,
RL,Land Use,001,World,5110,Area,6610,Agricultural land,2015,2015,1000 ha,4774657.798,E,Estimated value,
RL,Land Use,001,World,5110,Area,6610,Agricultural land,2016,2016,1000 ha,4769111.244,E,Estimated value,
RL,Land Use,001,World,5110,Area,6610,Agricultural land,2017,2017,1000 ha,4800714.624,E,Estimated value,
RL,Land Use,001,World,5110,Area,6610,Agricultural land,2018,2018,1000 ha,4784915.138,E,Estimated value,
RL,Land Use,001,World,5110,Area,6610,Agricultural land,2019,2019,1000 ha,4789415.163,B,Time series break,
RL,Land Use,001,World,5110,Area,6610,Agricultural land,2020,2020,1000 ha,4781210.207,B,Time series break,
RL,Land Use,001,World,5110,Area,6610,Agricultural land,2021,2021,1000 ha,4787265.146,E,Estimated value,
RL,Land Use,001,World,5110,Area,6610,Agricultural land,2022,2022,1000 ha,4781220.751,E,Estimated value,
RL,Land Use,001,World,5110,Area,6646,Forest land,1990,1990,1000 ha,4236433.422,A,Official figure,
RL,Land Use,001,World,5110,Area,6646,Forest land,1991,1991,1000 ha,4228595.032,E,Estimated value,
RL,Land Use,001,World,5110,Area,6646,Forest land,1992,1992,1000 ha,4220756.642,E,Estimated value,
RL,Land Use,001,World,5110,Area,6646,Forest land,1993,1993,1000 ha,4212918.252,E,Estimated value,
RL,Land Use,001,World,5110,Area,6646,Forest land,1994,1994,1000 ha,4205079.862,E,Estimated value,
RL,Land Use,001,World,5110,Area,6646,Forest land,1995,1995,1000 ha,4197241.472,E,Estimated value,
RL,Land Use,001,World,5110,Area,6646,Forest land,1996,1996,1000 ha,4189403.082,E,Estimated value,
RL,Land Use,001,World,5110,Area,6646,Forest land,1997,1997,1000 ha,4181564.692,E,Estimated value,
RL,Land Use,001,World,5110,Area,6646,Forest land,1998,1998,1000 ha,4173726.302,E,Estimated value,
RL,Land Use,001,World,5110,Area,6646,Forest land,1999,1999,1000 ha,4165887.912,E,Estimated value,
RL,Land Use,001,World,5110,Area,6646,Forest land,2000,2000,1000 ha,4158049.522,A,Official figure,
RL,Land Use,001,World,5110,Area,6646,Forest land,2001,2001,1000 ha,4152876.264,E,Estimated value,
RL,Land Use,001,World,5110,Area,6646,Forest land,2002,2002,1000 ha,4147703.007,E,Estimated value,
RL,Land Use,001,World,5110,Area,6646,Forest land,2003,2003,1000 ha,4142529.749,E,Estimated value,
RL,Land Use,001,World,5110,Area,6646,Forest land,2004,2004,1000 ha,4137356.491,E,Estimated value,
RL,Land Use,001,World,5110,Area,6646,Forest land,2005,2005,1000 ha,4132183.233,E,Estimated value,
RL,Land Use,001,World,5110,Area,6646,Forest land,2006,2006,1000 ha,4127009.975,E,Estimated value,
RL,Land Use,001,World,5110,Area,6646,Forest land,2007,2007,1000 ha,4121836.718,E,Estimated value,
RL,Land Use,001,World,5110,Area,6646,Forest land,2008,2008,1000 ha,4116663.46,E,Estimated value,
RL,Land Use,001,World,5110,Area,6646,Forest land,2009,2009,1000 ha,4111490.202,E,Estimated value,
RL,Land Use,001,World,5110,Area,6646,Forest land,2010,2010,1000 ha,4106316.944,A,Official figure,
RL,Land Use,001,World,5110,Area,6646,Forest land,2011,2011,1000 ha,4101827.05,E,Estimated value,
RL,Land Use,001,World,5110,Area,6646,Forest land,2012,2012,1000 ha,4097337.157,E,Estimated value,
RL,Land Use,001,World,5110,Area,6646,Forest land,2013,2013,1000 ha,4092847.263,E,Estimated value,
RL,Land Use,001,World,5110,Area,6646,Forest land,2014,2014,1000 ha,4088357.37,E,Estimated value,
RL,Land Use,001,World,5110,Area,6646,Forest land,2015,2015,1000 ha,4083867.476,A,Official figure,
RL,Land Use,001,World,5110,Area,6646,Forest land,2016,2016,1000 ha,4080603.542,A,Official figure,
RL,Land Use,001,World,5110,Area,6646,Forest land,2017,2017,1000 ha,4073757.185,A,Official figure,
RL,Land Use,001,World,5110,Area,6646,Forest land,2018,2018,1000 ha,4068923.274,A,Official figure,
RL,Land Use,001,World,5110,Area,6646,Forest land,2019,2019,1000 ha,4063834.52,A,Official figure,
RL,Land Use,001,World,5110,Area,6646,Forest land,2020,2020,1000 ha,4058921.48,A,Official figure,
RL,Land Use,001,World,5110,Area,6646,Forest land,2021,2021,1000 ha,4053896.487,E,Estimated value,
RL,Land Use,001,World,5110,Area,6646,Forest land,2022,2022,1000 ha,4048946.134,E,Estimated value,
RL,Land Use,002,Africa,5110,Area,6601,Land area,1961,1961,1000 ha,2964906.5,A,Official figure,
RL,Land Use,002,Africa,5110,Area,6601,Land area,1962,1962,1000 ha,2964906.5,A,Official figure,
RL,Land Use,002,Africa,5110,Area,6601,Land area,1963,1963,1000 ha,2964906.5,A,Official figure,
RL,Land Use,002,Africa,5110,Area,6601,Land area,1964,1964,1000 ha,2964906.5,A,Official figure,
RL,Land Use,002,Africa,5110,Area,6601,Land area,1965,1965,1000 ha,2964906.5,A,Official figure,
RL,Land Use,002,Africa,5110,Area,6601,Land area,1966,1966,1000 ha,2964906.5,A,Official figure,
RL,Land Use,002,Africa,5110,Area,6601,Land area,1967,1967,1000 ha,2964906.5,A,Official figure,
RL,Land Use,002,Africa,5110,Area,6601,Land area,1968,1968,1000 ha,2964906.5,A,Official figure,
RL,Land Use,002,Africa,5110,Area,6601,Land area,1969,1969,1000 ha,2964906.5,A,Official figure,
RL,Land Use,002,Africa,5110,Area,6601,Land area,1970,1970,1000 ha,2964906.5,A,Official figure,
RL,Land Use,002,Africa,5110,Area,6601,Land area,1971,1971,1000 ha,2964906.5,A,Official figure,
RL,Land Use,002,Africa,5110,Area,6601,Land area,1972,1972,1000 ha,2964906.5,A,Official figure,
RL,Land Use,002,Africa,5110,Area,6601,Land area,1973,1973,1000 ha,2964902.5,A,Official figure,
RL,Land Use,002,Africa,5110,Area,6601,Land area,1974,1974,1000 ha,2964862.5,A,Official figure,
RL,Land Use,002,Africa,5110,Area,6601,Land area,1975,1975,1000 ha,2964822.5,A,Official figure,
RL,Land Use,002,Africa,5110,Area,6601,Land area,1976,1976,1000 ha,2964822.5,A,Official figure,
RL,Land Use,002,Africa,5110,Area,6601,Land area,1977,1977,1000 ha,2964822.5,A,Official figure,
RL,Land Use,002,Africa,5110,Area,6601,Land area,1978,1978,1000 ha,2964822.5,A,Official figure,
RL,Land Use,002,Africa,5110,Area,6601,Land area,1979,1979,1000 ha,2964822.5,A,Official figure,
RL,Land Use,002,Africa,5110,Area,6601,Land area,1980,1980,1000 ha,2964822.5,A,Official figure,
RL,Land Use,002,Africa,5110,Area,6601,Land area,1981,1981,1000 ha,2964822.5,A,Official figure,
RL,Land Use,002,Africa,5110,Area,6601,Land area,1982,1982,1000 ha,2964822.5,A,Official figure,
RL,Land Use,002,Africa,5110,Area,6601,Land area,1983,1983,1000 ha,2964822.5,A,Official figure,
RL,Land Use,002,Africa,5110,Area,6601,Land area,1984,1984,1000 ha,2964822.5,A,Official figure,
RL,Land Use,002,Africa,5110,Area,6601,Land area,1985,1985,1000 ha,2964822.5,A,Official figure,
RL,Land Use,002,Africa,5110,Area,6601,Land area,1986,1986,1000 ha,2964822.5,A,Official figure,
RL,Land Use,002,Africa,5110,Area,6601,Land area,1987,1987,1000 ha,2964822.5,A,Official figure,
RL,Land Use,002,Africa,5110,Area,6601,Land area,1988,1988,1000 ha,2964822.5,A,Official figure,
RL,Land Use,002,Africa,5110,Area,6601,Land area,1989,1989,1000 ha,2964822.5,A,Official figure,
RL,Land Use,002,Africa,5110,Area,6601,Land area,1990,1990,1000 ha,2964822.5,A,Official figure,
RL,Land Use,002,Africa,5110,Area,6601,Land area,1991,1991,1000 ha,2964822.5,A,Official figure,
RL,Land Use,002,Africa,5110,Area,6601,Land area,1992,1992,1000 ha,2964822.5,A,Official figure,
RL,Land Use,002,Africa,5110,Area,6601,Land area,1993,1993,1000 ha,2964822.5,A,Official figure,
RL,Land Use,002,Africa,5110,Area,6601,Land area,1994,1994,1000 ha,2964822.5,A,Official figure,
RL,Land Use,002,Africa,5110,Area,6601,Land area,1995,1995,1000 ha,2964822.5,A,Official figure,
RL,Land Use,002,Africa,5110,Area,6601,Land area,1996,1996,1000 ha,2964822.5,A,Official figure,
RL,Land Use,002,Africa,5110,Area,6601,Land area,1997,1997,1000 ha,2964822.5,A,Official figure,
RL,Land Use,002,Africa,5110,Area,6601,Land area,1998,1998,1000 ha,2964822.5,A,Official figure,
RL,Land Use,002,Africa,5110,Area,6601,Land area,1999,1999,1000 ha,2964822.5,A,Official figure,
RL,Land Use,002,Africa,5110,Area,6601,Land area,2000,2000,1000 ha,2964822.5,A,Official figure,
RL,Land Use,002,Africa,5110,Area,6601,Land area,2001,2001,1000 ha,2964822.5,A,Official figure,
RL,Land Use,002,Africa,5110,Area,6601,Land area,2002,2002,1000 ha,2964822.5,A,Official figure,
RL,Land Use,002,Africa,5110,Area,6601,Land area,2003,2003,1000 ha,2964822.5,A,Official figure,
RL,Land Use,002,Africa,5110,Area,6601,Land area,2004,2004,1000 ha,2979680.493,B,Time series break,
RL,Land Use,002,Africa,5110,Area,6601,Land area,2005,2005,1000 ha,2979685.013,E,Estimated value,
RL,Land Use,002,Africa,5110,Area,6601,Land area,2006,2006,1000 ha,2979684.223,E,Estimated value,
RL,Land Use,002,Africa,5110,Area,6601,Land area,2007,2007,1000 ha,2979688.881,E,Estimated value,
RL,Land Use,002,Africa,5110,Area,6601,Land area,2008,2008,1000 ha,2979685.079,E,Estimated value,
RL,Land Use,002,Africa,5110,Area,6601,Land area,2009,2009,1000 ha,2979688.319,E,Estimated value,
RL,Land Use,002,Africa,5110,Area,6601,Land area,2010,2010,1000 ha,2979757.11,E,Estimated value,
RL,Land Use,002,Africa,5110,Area,6601,Land area,2011,2011,1000 ha,2979782.109,B,Time series break,
RL,Land Use,002,Africa,5110,Area,6601,Land area,2012,2012,1000 ha,2992175.122,E,Estimated value,
RL,Land Use,002,Africa,5110,Area,6601,Land area,2013,2013,1000 ha,2992172.338,E,Estimated value,
RL,Land Use,002,Africa,5110,Area,6601,Land area,2014,2014,1000 ha,2992167.649,E,Estimated value,
RL,Land Use,002,Africa,5110,Area,6601,Land area,2015,2015,1000 ha,2992173.118,E,Estimated value,
RL,Land Use,002,Africa,5110,Area,6601,Land area,2016,2016,1000 ha,2992173.896,E,Estimated value,
RL,Land Use,002,Africa,5110,Area,6601,Land area,2017,2017,1000 ha,2992172.703,E,Estimated value,
RL,Land Use,002,Africa,5110,Area,6601,Land area,2018,2018,1000 ha,2992174.211,E,Estimated value,
RL,Land Use,002,Africa,5110,Area,6601,Land area,2019,2019,1000 ha,2992174.745,E,Estimated value,
RL,Land Use,002,Africa,5110,Area,6601,Land area,2020,2020,1000 ha,2992169.749,B,Time series break,
RL,Land Use,002,Africa,5110,Area,6601,Land area,2021,2021,1000 ha,2992170.049,E,Estimated value,
RL,Land Use,002,Africa,5110,Area,6601,Land area,2022,2022,1000 ha,2992170.049,E,Estimated value,
RL,Land Use,002,Africa,5110,Area,6610,Agricultural land,1961,1961,1000 ha,1011184.638,E,Estimated value,
RL,Land Use,002,Africa,5110,Area,6610,Agricultural land,1962,1962,1000 ha,1011092.877,E,Estimated value,
RL,Land Use,002,Africa,5110,Area,6610,Agricultural land,1963,1963,1000 ha,1012088.305,E,Estimated value,
RL,Land Use,002,Africa,5110,Area,6610,Agricultural land,1964,1964,1000 ha,1012349.116,E,Estimated value,
RL,Land Use,002,Africa,5110,Area,6610,Agricultural land,1965,1965,1000 ha,1013198.908,E,Estimated value,
RL,Land Use,002,Africa,5110,Area,6610,Agricultural land,1966,1966,1000 ha,1014333.613,E,Estimated value,
RL,Land Use,002,Africa,5110,Area,6610,Agricultural land,1967,1967,1000 ha,1015104.399,E,Estimated value,
RL,Land Use,002,Africa,5110,Area,6610,Agricultural land,1968,1968,1000 ha,1017137.302,E,Estimated value,
RL,Land Use,002,Africa,5110,Area,6610,Agricultural land,1969,1969,1000 ha,1018700.614,E,Estimated value,
RL,Land Use,002,Africa,5110,Area,6610,Agricultural land,1970,1970,1000 ha,1019760.809,E,Estimated value,
RL,Land Use,002,Africa,5110,Area,6610,Agricultural land,1971,1971,1000 ha,1023283.488,E,Estimated value,
RL,Land Use,002,Africa,5110,Area,6610,Agricultural land,1972,1972,1000 ha,1024546.446,E,Estimated value,
RL,Land Use,002,Africa,5110,Area,6610,Agricultural land,1973,1973,1000 ha,1024464.444,E,Estimated value,
RL,Land Use,002,Africa,5110,Area,6610,Agricultural land,1974,1974,1000 ha,1024713.368,E,Estimated value,
RL,Land Use,002,Africa,5110,Area,6610,Agricultural land,1975,1975,1000 ha,1026051.637,E,Estimated value,
RL,Land Use,002,Africa,5110,Area,6610,Agricultural land,1976,1976,1000 ha,1027484.271,E,Estimated value,
RL,Land Use,002,Africa,5110,Area,6610,Agricultural land,1977,1977,1000 ha,1028331.895,E,Estimated value,
RL,Land Use,002,Africa,5110,Area,6610,Agricultural land,1978,1978,1000 ha,1030333.798,E,Estimated value,
RL,Land Use,002,Africa,5110,Area,6610,Agricultural land,1979,1979,1000 ha,1030976.263,E,Estimated value,
RL,Land Use,002,Africa,5110,Area,6610,Agricultural land,1980,1980,1000 ha,1032924.737,E,Estimated value,
RL,Land Use,002,Africa,5110,Area,6610,Agricultural land,1981,1981,1000 ha,1029891.542,E,Estimated value,
RL,Land Use,002,Africa,5110,Area,6610,Agricultural land,1982,1982,1000 ha,1031096.108,E,Estimated value,
RL,Land Use,002,Africa,5110,Area,6610,Agricultural land,1983,1983,1000 ha,1032937.32,E,Estimated value,
RL,Land Use,002,Africa,5110,Area,6610,Agricultural land,1984,1984,1000 ha,1034430.048,E,Estimated value,
RL,Land Use,002,Africa,5110,Area,6610,Agricultural land,1985,1985,1000 ha,1039109.458,E,Estimated value,
RL,Land Use,002,Africa,5110,Area,6610,Agricultural land,1986,1986,1000 ha,1043742.319,E,Estimated value,
RL,Land Use,002,Africa,5110,Area,6610,Agricultural land,1987,1987,1000 ha,1046352.161,E,Estimated value,
RL,Land Use,002,Africa,5110,Area,6610,Agricultural land,1988,1988,1000 ha,1051306.934,E,Estimated value,
RL,Land Use,002,Africa,5110,Area,6610,Agricultural land,1989,1989,1000 ha,1054791.014,E,Estimated value,
RL,Land Use,002,Africa,5110,Area,6610,Agricultural land,1990,1990,1000 ha,1057696.876,E,Estimated value,
RL,Land Use,002,Africa,5110,Area,6610,Agricultural land,1991,1991,1000 ha,1060506.211,E,Estimated value,
RL,Land Use,002,Africa,5110,Area,6610,Agricultural land,1992,1992,1000 ha,1066356.261,E,Estimated value,
RL,Land Use,002,Africa,5110,Area,6610,Agricultural land,1993,1993,1000 ha,1055056.769,E,Estimated value,
RL,Land Use,002,Africa,5110,Area,6610,Agricultural land,1994,1994,1000 ha,1062049.508,E,Estimated value,
RL,Land Use,002,Africa,5110,Area,6610,Agricultural land,1995,1995,1000 ha,1069431.911,E,Estimated value,
RL,Land Use,002,Africa,5110,Area,6610,Agricultural land,1996,1996,1000 ha,1073457.005,E,Estimated value,
RL,Land Use,002,Africa,5110,Area,6610,Agricultural land,1997,1997,1000 ha,1077115.926,E,Estimated value,
RL,Land Use,002,Africa,5110,Area,6610,Agricultural land,1998,1998,1000 ha,1079745.71,E,Estimated value,
RL,Land Use,002,Africa,5110,Area,6610,Agricultural land,1999,1999,1000 ha,1084896.095,E,Estimated value,
RL,Land Use,002,Africa,5110,Area,6610,Agricultural land,2000,2000,1000 ha,1088632.941,E,Estimated value,
RL,Land Use,002,Africa,5110,Area,6610,Agricultural land,2001,2001,1000 ha,1091431.704,E,Estimated value,
RL,Land Use,002,Africa,5110,Area,6610,Agricultural land,2002,2002,1000 ha,1094063.485,E,Estimated value,
RL,Land Use,002,Africa,5110,Area,6610,Agricultural land,2003,2003,1000 ha,1100735.56,E,Estimated value,
RL,Land Use,002,Africa,5110,Area,6610,Agricultural land,2004,2004,1000 ha,1103169.679,E,Estimated value,
RL,Land Use,002,Africa,5110,Area,6610,Agricultural land,2005,2005,1000 ha,1111533.982,E,Estimated value,
RL,Land Use,002,Africa,5110,Area,6610,Agricultural land,2006,2006,1000 ha,1114154.854,E,Estimated value,
RL,Land Use,002,Africa,5110,Area,6610,Agricultural land,2007,2007,1000 ha,1118696.295,E,Estimated value,
RL,Land Use,002,Africa,5110,Area,6610,Agricultural land,2008,2008,1000 ha,1121736.726,E,Estimated value,
RL,Land Use,002,Africa,5110,Area,6610,Agricultural land,2009,2009,1000 ha,1127162.671,E,Estimated value,
RL,Land Use,002,Africa,5110,Area,6610,Agricultural land,2010,2010,1000 ha,1131889.806,E,Estimated value,
RL,Land Use,002,Africa,5110,Area,6610,Agricultural land,2011,2011,1000 ha,1136371.135,E,Estimated value,
RL,Land Use,002,Africa,5110,Area,6610,Agricultural land,2012,2012,1000 ha,1144001.234,E,Estimated value,
RL,Land Use,002,Africa,5110,Area,6610,Agricultural land,2013,2013,1000 ha,1148475.257,E,Estimated value,
RL,Land Use,002,Africa,5110,Area,6610,Agricultural land,2014,2014,1000 ha,1150788.559,E,Estimated value,
RL,Land Use,002,Africa,5110,Area,6610,Agricultural land,2015,2015,1000 ha,1154643.047,E,Estimated value,
RL,Land Use,002,Africa,5110,Area,6610,Agricultural land,2016,2016,1000 ha,1157629.703,E,Estimated value,
RL,Land Use,002,Africa,5110,Area,6610,Agricultural land,2017,2017,1000 ha,1160761.556,E,Estimated value,
RL,Land Use,002,Africa,5110,Area,6610,Agricultural land,2018,2018,1000 ha,1165033.541,E,Estimated value,
RL,Land Use,002,Africa,5110,Area,6610,Agricultural land,2019,2019,1000 ha,1166200.219,E,Estimated value,
RL,Land Use,002,Africa,5110,Area,6610,Agricultural land,2020,2020,1000 ha,1169062.811,B,Time series break,
RL,Land Use,002,Africa,5110,Area,6610,Agricultural land,2021,2021,1000 ha,1172131.165,E,Estimated value,
RL,Land Use,002,Africa,5110,Area,6610,Agricultural land,2022,2022,1000 ha,1173177.658,E,Estimated value,
RL,Land Use,002,Africa,5110,Area,6646,Forest land,1990,1990,1000 ha,742801.2769,A,Official figure,
RL,Land Use,002,Africa,5110,Area,6646,Forest land,1991,1991,1000 ha,739526.034,E,Estimated value,
RL,Land Use,002,Africa,5110,Area,6646,Forest land,1992,1992,1000 ha,736250.7911,E,Estimated value,
RL,Land Use,002,Africa,5110,Area,6646,Forest land,1993,1993,1000 ha,732975.5482,E,Estimated value,
RL,Land Use,002,Africa,5110,Area,6646,Forest land,1994,1994,1000 ha,729700.3053,E,Estimated value,
RL,Land Use,002,Africa,5110,Area,6646,Forest land,1995,1995,1000 ha,726425.0625,E,Estimated value,
RL,Land Use,002,Africa,5110,Area,6646,Forest land,1996,1996,1000 ha,723149.8196,E,Estimated value,
RL,Land Use,002,Africa,5110,Area,6646,Forest land,1997,1997,1000 ha,719874.5767,E,Estimated value,
RL,Land Use,002,Africa,5110,Area,6646,Forest land,1998,1998,1000 ha,716599.3338,E,Estimated value,
RL,Land Use,002,Africa,5110,Area,6646,Forest land,1999,1999,1000 ha,713324.0909,E,Estimated value,
RL,Land Use,002,Africa,5110,Area,6646,Forest land,2000,2000,1000 ha,710048.848,A,Official figure,
RL,Land Use,002,Africa,5110,Area,6646,Forest land,2001,2001,1000 ha,706645.5002,E,Estimated value,
RL,Land Use,002,Africa,5110,Area,6646,Forest land,2002,2002,1000 ha,703242.1524,E,Estimated value,
RL,Land Use,002,Africa,5110,Area,6646,Forest land,2003,2003,1000 ha,699838.8046,E,Estimated value,
RL,Land Use,002,Africa,5110,Area,6646,Forest land,2004,2004,1000 ha,696435.4568,E,Estimated value,
RL,Land Use,002,Africa,5110,Area,6646,Forest land,2005,2005,1000 ha,693032.109,E,Estimated value,
RL,Land Use,002,Africa,5110,Area,6646,Forest land,2006,2006,1000 ha,689628.7612,E,Estimated value,
RL,Land Use,002,Africa,5110,Area,6646,Forest land,2007,2007,1000 ha,686225.4134,E,Estimated value,
RL,Land Use,002,Africa,5110,Area,6646,Forest land,2008,2008,1000 ha,682822.0656,E,Estimated value,
RL,Land Use,002,Africa,5110,Area,6646,Forest land,2009,2009,1000 ha,679418.7178,E,Estimated value,
RL,Land Use,002,Africa,5110,Area,6646,Forest land,2010,2010,1000 ha,676015.37,A,Official figure,
RL,Land Use,002,Africa,5110,Area,6646,Forest land,2011,2011,1000 ha,672108.76,E,Estimated value,
RL,Land Use,002,Africa,5110,Area,6646,Forest land,2012,2012,1000 ha,668202.15,E,Estimated value,
RL,Land Use,002,Africa,5110,Area,6646,Forest land,2013,2013,1000 ha,664295.54,E,Estimated value,
RL,Land Use,002,Africa,5110,Area,6646,Forest land,2014,2014,1000 ha,660388.93,E,Estimated value,
RL,Land Use,002,Africa,5110,Area,6646,Forest land,2015,2015,1000 ha,656482.32,A,Official figure,
RL,Land Use,002,Africa,5110,Area,6646,Forest land,2016,2016,1000 ha,652481.3843,A,Official figure,
RL,Land Use,002,Africa,5110,Area,6646,Forest land,2017,2017,1000 ha,648548.99,A,Official figure,
RL,Land Use,002,Africa,5110,Area,6646,Forest land,2018,2018,1000 ha,644618.828,A,Official figure,
RL,Land Use,002,Africa,5110,Area,6646,Forest land,2019,2019,1000 ha,640608.55,A,Official figure,
RL,Land Use,002,Africa,5110,Area,6646,Forest land,2020,2020,1000 ha,636638.97,A,Official figure,
RL,Land Use,002,Africa,5110,Area,6646,Forest land,2021,2021,1000 ha,632642.2579,E,Estimated value,
RL,Land Use,002,Africa,5110,Area,6646,Forest land,2022,2022,1000 ha,628663.6339,E,Estimated value,
RL,Land Use,019,Americas,5110,Area,6601,Land area,1961,1961,1000 ha,3864066.361,A,Official figure,
RL,Land Use,019,Americas,5110,Area,6601,Land area,1962,1962,1000 ha,3864066.361,A,Official figure,
RL,Land Use,019,Americas,5110,Area,6601,Land area,1963,1963,1000 ha,3864066.361,A,Official figure,
RL,Land Use,019,Americas,5110,Area,6601,Land area,1964,1964,1000 ha,3864066.361,A,Official figure,
RL,Land Use,019,Americas,5110,Area,6601,Land area,1965,1965,1000 ha,3864066.361,A,Official figure,
RL,Land Use,019,Americas,5110,Area,6601,Land area,1966,1966,1000 ha,3864066.361,A,Official figure,
RL,Land Use,019,Americas,5110,Area,6601,Land area,1967,1967,1000 ha,3864066.361,A,Official figure,
RL,Land Use,019,Americas,5110,Area,6601,Land area,1968,1968,1000 ha,3864066.361,A,Official figure,
RL,Land Use,019,Americas,5110,Area,6601,Land area,1969,1969,1000 ha,3864066.361,A,Official figure,
RL,Land Use,019,Americas,5110,Area,6601,Land area,1970,1970,1000 ha,3864066.361,A,Official figure,
RL,Land Use,019,Americas,5110,Area,6601,Land area,1971,1971,1000 ha,3864066.361,A,Official figure,
RL,Land Use,019,Americas,5110,Area,6601,Land area,1972,1972,1000 ha,3864066.361,A,Official figure,
RL,Land Use,019,Americas,5110,Area,6601,Land area,1973,1973,1000 ha,3864066.361,A,Official figure,
RL,Land Use,019,Americas,5110,Area,6601,Land area,1974,1974,1000 ha,3864066.361,A,Official figure,
RL,Land Use,019,Americas,5110,Area,6601,Land area,1975,1975,1000 ha,3864080.361,A,Official figure,
RL,Land Use,019,Americas,5110,Area,6601,Land area,1976,1976,1000 ha,3864067.361,A,Official figure,
RL,Land Use,019,Americas,5110,Area,6601,Land area,1977,1977,1000 ha,3864067.361,A,Official figure,
RL,Land Use,019,Americas,5110,Area,6601,Land area,1978,1978,1000 ha,3864067.361,A,Official figure,
RL,Land Use,019,Americas,5110,Area,6601,Land area,1979,1979,1000 ha,3864067.361,A,Official figure,
RL,Land Use,019,Americas,5110,Area,6601,Land area,1980,1980,1000 ha,3864067.361,A,Official figure,
RL,Land Use,019,Americas,5110,Area,6601,Land area,1981,1981,1000 ha,3864067.361,A,Official figure,
RL,Land Use,019,Americas,5110,Area,6601,Land area,1982,1982,1000 ha,3864067.361,A,Official figure,
RL,Land Use,019,Americas,5110,Area,6601,Land area,1983,1983,1000 ha,3864067.361,A,Official figure,
RL,Land Use,019,Americas,5110,Area,6601,Land area,1984,1984,1000 ha,3864067.361,A,Official figure,
RL,Land Use,019,Americas,5110,Area,6601,Land area,1985,1985,1000 ha,3864067.361,A,Official figure,
RL,Land Use,019,Americas,5110,Area,6601,Land area,1986,1986,1000 ha,3864067.361,A,Official figure,
RL,Land Use,019,Americas,5110,Area,6601,Land area,1987,1987,1000 ha,3864067.361,A,Official figure,
RL,Land Use,019,Americas,5110,Area,6601,Land area,1988,1988,1000 ha,3864067.361,A,Official figure,
RL,Land Use,019,Americas,5110,Area,6601,Land area,1989,1989,1000 ha,3864067.361,A,Official figure,
RL,Land Use,019,Americas,5110,Area,6601,Land area,1990,1990,1000 ha,3864067.361,A,Official figure,
RL,Land Use,019,Americas,5110,Area,6601,Land area,1991,1991,1000 ha,3864066.361,A,Official figure,
RL,Land Use,019,Americas,5110,Area,6601,Land area,1992,1992,1000 ha,3864066.361,A,Official figure,
RL,Land Use,019,Americas,5110,Area,6601,Land area,1993,1993,1000 ha,3864065.361,A,Official figure,
RL,Land Use,019,Americas,5110,Area,6601,Land area,1994,1994,1000 ha,3864036.361,A,Official figure,
RL,Land Use,019,Americas,5110,Area,6601,Land area,1995,1995,1000 ha,3864035.361,A,Official figure,
RL,Land Use,019,Americas,5110,Area,6601,Land area,1996,1996,1000 ha,3864035.361,A,Official figure,
RL,Land Use,019,Americas,5110,Area,6601,Land area,1997,1997,1000 ha,3870910.361,A,Official figure,
RL,Land Use,019,Americas,5110,Area,6601,Land area,1998,1998,1000 ha,3868062.361,A,Official figure,
RL,Land Use,019,Americas,5110,Area,6601,Land area,1999,1999,1000 ha,3868062.361,A,Official figure,
RL,Land Use,019,Americas,5110,Area,6601,Land area,2000,2000,1000 ha,3868358.361,A,Official figure,
RL,Land Use,019,Americas,5110,Area,6601,Land area,2001,2001,1000 ha,3868358.361,A,Official figure,
RL,Land Use,019,Americas,5110,Area,6601,Land area,2002,2002,1000 ha,3868258.361,A,Official figure,
RL,Land Use,019,Americas,5110,Area,6601,Land area,2003,2003,1000 ha,3868260.361,A,Official figure,
RL,Land Use,019,Americas,5110,Area,6601,Land area,2004,2004,1000 ha,3868262.361,A,Official figure,
RL,Land Use,019,Americas,5110,Area,6601,Land area,2005,2005,1000 ha,3868265.361,A,Official figure,
RL,Land Use,019,Americas,5110,Area,6601,Land area,2006,2006,1000 ha,3868264.361,E,Estimated value,
RL,Land Use,019,Americas,5110,Area,6601,Land area,2007,2007,1000 ha,3868266.361,E,Estimated value,
RL,Land Use,019,Americas,5110,Area,6601,Land area,2008,2008,1000 ha,3866818.361,E,Estimated value,
RL,Land Use,019,Americas,5110,Area,6601,Land area,2009,2009,1000 ha,3866818.361,E,Estimated value,
RL,Land Use,019,Americas,5110,Area,6601,Land area,2010,2010,1000 ha,3866818.361,E,Estimated value,
RL,Land Use,019,Americas,5110,Area,6601,Land area,2011,2011,1000 ha,3866860.661,E,Estimated value,
RL,Land Use,019,Americas,5110,Area,6601,Land area,2012,2012,1000 ha,3866841.261,E,Estimated value,
RL,Land Use,019,Americas,5110,Area,6601,Land area,2013,2013,1000 ha,3866598.361,E,Estimated value,
RL,Land Use,019,Americas,5110,Area,6601,Land area,2014,2014,1000 ha,3866556.361,E,Estimated value,
RL,Land Use,019,Americas,5110,Area,6601,Land area,2015,2015,1000 ha,3866566.361,E,Estimated value,
RL,Land Use,019,Americas,5110,Area,6601,Land area,2016,2016,1000 ha,3866560.361,E,Estimated value,
RL,Land Use,019,Americas,5110,Area,6601,Land area,2017,2017,1000 ha,3866536.361,E,Estimated value,
RL,Land Use,019,Americas,5110,Area,6601,Land area,2018,2018,1000 ha,3866542.361,E,Estimated value,
RL,Land Use,019,Americas,5110,Area,6601,Land area,2019,2019,1000 ha,3866531.163,B,Time series break,
RL,Land Use,019,Americas,5110,Area,6601,Land area,2020,2020,1000 ha,3866531.163,E,Estimated value,
RL,Land Use,019,Americas,5110,Area,6601,Land area,2021,2021,1000 ha,3848842.163,B,Time series break,
RL,Land Use,019,Americas,5110,Area,6601,Land area,2022,2022,1000 ha,3848713.367,E,Estimated value,
RL,Land Use,019,Americas,5110,Area,6610,Agricultural land,1961,1961,1000 ha,1078794.1,E,Estimated value,
RL,Land Use,019,Americas,5110,Area,6610,Agricultural land,1962,1962,1000 ha,1079472,E,Estimated value,
RL,Land Use,019,Americas,5110,Area,6610,Agricultural land,1963,1963,1000 ha,1080901.9,E,Estimated value,
RL,Land Use,019,Americas,5110,Area,6610,Agricultural land,1964,1964,1000 ha,1082690.9,E,Estimated value,
RL,Land Use,019,Americas,5110,Area,6610,Agricultural land,1965,1965,1000 ha,1083415.8,E,Estimated value,
RL,Land Use,019,Americas,5110,Area,6610,Agricultural land,1966,1966,1000 ha,1086409.6,E,Estimated value,
RL,Land Use,019,Americas,5110,Area,6610,Agricultural land,1967,1967,1000 ha,1088931.5,E,Estimated value,
RL,Land Use,019,Americas,5110,Area,6610,Agricultural land,1968,1968,1000 ha,1093019.3,E,Estimated value,
RL,Land Use,019,Americas,5110,Area,6610,Agricultural land,1969,1969,1000 ha,1095075.2,E,Estimated value,
RL,Land Use,019,Americas,5110,Area,6610,Agricultural land,1970,1970,1000 ha,1103267.3,E,Estimated value,
RL,Land Use,019,Americas,5110,Area,6610,Agricultural land,1971,1971,1000 ha,1106720.9,E,Estimated value,
RL,Land Use,019,Americas,5110,Area,6610,Agricultural land,1972,1972,1000 ha,1110191.4,E,Estimated value,
RL,Land Use,019,Americas,5110,Area,6610,Agricultural land,1973,1973,1000 ha,1113022.006,E,Estimated value,
RL,Land Use,019,Americas,5110,Area,6610,Agricultural land,1974,1974,1000 ha,1115820.512,E,Estimated value,
RL,Land Use,019,Americas,5110,Area,6610,Agricultural land,1975,1975,1000 ha,1121232.518,E,Estimated value,
RL,Land Use,019,Americas,5110,Area,6610,Agricultural land,1976,1976,1000 ha,1127980.656,E,Estimated value,
RL,Land Use,019,Americas,5110,Area,6610,Agricultural land,1977,1977,1000 ha,1134615.814,E,Estimated value,
RL,Land Use,019,Americas,5110,Area,6610,Agricultural land,1978,1978,1000 ha,1138134.961,E,Estimated value,
RL,Land Use,019,Americas,5110,Area,6610,Agricultural land,1979,1979,1000 ha,1143684.209,E,Estimated value,
RL,Land Use,019,Americas,5110,Area,6610,Agricultural land,1980,1980,1000 ha,1149434.865,E,Estimated value,
RL,Land Use,019,Americas,5110,Area,6610,Agricultural land,1981,1981,1000 ha,1152271.905,E,Estimated value,
RL,Land Use,019,Americas,5110,Area,6610,Agricultural land,1982,1982,1000 ha,1158174.052,E,Estimated value,
RL,Land Use,019,Americas,5110,Area,6610,Agricultural land,1983,1983,1000 ha,1163338.2,E,Estimated value,
RL,Land Use,019,Americas,5110,Area,6610,Agricultural land,1984,1984,1000 ha,1167062.073,E,Estimated value,
RL,Land Use,019,Americas,5110,Area,6610,Agricultural land,1985,1985,1000 ha,1169806.337,E,Estimated value,
RL,Land Use,019,Americas,5110,Area,6610,Agricultural land,1986,1986,1000 ha,1169935.456,E,Estimated value,
RL,Land Use,019,Americas,5110,Area,6610,Agricultural land,1987,1987,1000 ha,1165869.284,E,Estimated value,
RL,Land Use,019,Americas,5110,Area,6610,Agricultural land,1988,1988,1000 ha,1165930.44,E,Estimated value,
RL,Land Use,019,Americas,5110,Area,6610,Agricultural land,1989,1989,1000 ha,1166085.439,E,Estimated value,
RL,Land Use,019,Americas,5110,Area,6610,Agricultural land,1990,1990,1000 ha,1165854.675,E,Estimated value,
RL,Land Use,019,Americas,5110,Area,6610,Agricultural land,1991,1991,1000 ha,1165843.173,E,Estimated value,
RL,Land Use,019,Americas,5110,Area,6610,Agricultural land,1992,1992,1000 ha,1162812.946,E,Estimated value,
RL,Land Use,019,Americas,5110,Area,6610,Agricultural land,1993,1993,1000 ha,1159399.491,E,Estimated value,
RL,Land Use,019,Americas,5110,Area,6610,Agricultural land,1994,1994,1000 ha,1156492.03,E,Estimated value,
RL,Land Use,019,Americas,5110,Area,6610,Agricultural land,1995,1995,1000 ha,1154376.159,E,Estimated value,
RL,Land Use,019,Americas,5110,Area,6610,Agricultural land,1996,1996,1000 ha,1151018.329,E,Estimated value,
RL,Land Use,019,Americas,5110,Area,6610,Agricultural land,1997,1997,1000 ha,1150455.913,E,Estimated value,
RL,Land Use,019,Americas,5110,Area,6610,Agricultural land,1998,1998,1000 ha,1151463.232,E,Estimated value,
RL,Land Use,019,Americas,5110,Area,6610,Agricultural land,1999,1999,1000 ha,1151325.611,E,Estimated value,
RL,Land Use,019,Americas,5110,Area,6610,Agricultural land,2000,2000,1000 ha,1151259.603,E,Estimated value,
RL,Land Use,019,Americas,5110,Area,6610,Agricultural land,2001,2001,1000 ha,1149261.979,E,Estimated value,
RL,Land Use,019,Americas,5110,Area,6610,Agricultural land,2002,2002,1000 ha,1148792.559,E,Estimated value,
RL,Land Use,019,Americas,5110,Area,6610,Agricultural land,2003,2003,1000 ha,1148722.164,E,Estimated value,
RL,Land Use,019,Americas,5110,Area,6610,Agricultural land,2004,2004,1000 ha,1149942.481,E,Estimated value,
RL,Land Use,019,Americas,5110,Area,6610,Agricultural land,2005,2005,1000 ha,1150909.918,E,Estimated value,
RL,Land Use,019,Americas,5110,Area,6610,Agricultural land,2006,2006,1000 ha,1149521.337,E,Estimated value,
RL,Land Use,019,Americas,5110,Area,6610,Agricultural land,2007,2007,1000 ha,1149849.556,E,Estimated value,
RL,Land Use,019,Americas,5110,Area,6610,Agricultural land,2008,2008,1000 ha,1144056.099,B,Time series break,
RL,Land Use,019,Americas,5110,Area,6610,Agricultural land,2009,2009,1000 ha,1140642.224,E,Estimated value,
RL,Land Use,019,Americas,5110,Area,6610,Agricultural land,2010,2010,1000 ha,1141398.545,E,Estimated value,
RL,Land Use,019,Americas,5110,Area,6610,Agricultural land,2011,2011,1000 ha,1139291.242,E,Estimated value,
RL,Land Use,019,Americas,5110,Area,6610,Agricultural land,2012,2012,1000 ha,1141855.912,E,Estimated value,
RL,Land Use,019,Americas,5110,Area,6610,Agricultural land,2013,2013,1000 ha,1142458.244,E,Estimated value,
RL,Land Use,019,Americas,5110,Area,6610,Agricultural land,2014,2014,1000 ha,1138935.553,B,Time series break,
RL,Land Use,019,Americas,5110,Area,6610,Agricultural land,2015,2015,1000 ha,1140544.102,E,Estimated value,
RL,Land Use,019,Americas,5110,Area,6610,Agricultural land,2016,2016,1000 ha,1138422.188,E,Estimated value,
RL,Land Use,019,Americas,5110,Area,6610,Agricultural land,2017,2017,1000 ha,1135574.385,E,Estimated value,
RL,Land Use,019,Americas,5110,Area,6610,Agricultural land,2018,2018,1000 ha,1129685.121,E,Estimated value,
RL,Land Use,019,Americas,5110,Area,6610,Agricultural land,2019,2019,1000 ha,1125540.312,E,Estimated value,
RL,Land Use,019,Americas,5110,Area,6610,Agricultural land,2020,2020,1000 ha,1123389.197,B,Time series break,
RL,Land Use,019,Americas,5110,Area,6610,Agricultural land,2021,2021,1000 ha,1119073.14,E,Estimated value,
RL,Land Use,019,Americas,5110,Area,6610,Agricultural land,2022,2022,1000 ha,1113082.595,E,Estimated value,
RL,Land Use,019,Americas,5110,Area,6646,Forest land,1990,1990,1000 ha,1728945.67,A,Official figure,
RL,Land Use,019,Americas,5110,Area,6646,Forest land,1991,1991,1000 ha,1723550.506,E,Estimated value,
RL,Land Use,019,Americas,5110,Area,6646,Forest land,1992,1992,1000 ha,1718155.342,E,Estimated value,
RL,Land Use,019,Americas,5110,Area,6646,Forest land,1993,1993,1000 ha,1712760.178,E,Estimated value,
RL,Land Use,019,Americas,5110,Area,6646,Forest land,1994,1994,1000 ha,1707365.014,E,Estimated value,
RL,Land Use,019,Americas,5110,Area,6646,Forest land,1995,1995,1000 ha,1701969.85,E,Estimated value,
RL,Land Use,019,Americas,5110,Area,6646,Forest land,1996,1996,1000 ha,1696574.686,E,Estimated value,
RL,Land Use,019,Americas,5110,Area,6646,Forest land,1997,1997,1000 ha,1691179.522,E,Estimated value,
RL,Land Use,019,Americas,5110,Area,6646,Forest land,1998,1998,1000 ha,1685784.358,E,Estimated value,
RL,Land Use,019,Americas,5110,Area,6646,Forest land,1999,1999,1000 ha,1680389.194,E,Estimated value,
RL,Land Use,019,Americas,5110,Area,6646,Forest land,2000,2000,1000 ha,1674994.03,A,Official figure,
RL,Land Use,019,Americas,5110,Area,6646,Forest land,2001,2001,1000 ha,1669929.052,E,Estimated value,
RL,Land Use,019,Americas,5110,Area,6646,Forest land,2002,2002,1000 ha,1664864.074,E,Estimated value,
RL,Land Use,019,Americas,5110,Area,6646,Forest land,2003,2003,1000 ha,1659799.096,E,Estimated value,
RL,Land Use,019,Americas,5110,Area,6646,Forest land,2004,2004,1000 ha,1654734.118,E,Estimated value,
RL,Land Use,019,Americas,5110,Area,6646,Forest land,2005,2005,1000 ha,1649669.14,E,Estimated value,
RL,Land Use,019,Americas,5110,Area,6646,Forest land,2006,2006,1000 ha,1644604.162,E,Estimated value,
RL,Land Use,019,Americas,5110,Area,6646,Forest land,2007,2007,1000 ha,1639539.184,E,Estimated value,
RL,Land Use,019,Americas,5110,Area,6646,Forest land,2008,2008,1000 ha,1634474.206,E,Estimated value,
RL,Land Use,019,Americas,5110,Area,6646,Forest land,2009,2009,1000 ha,1629409.228,E,Estimated value,
RL,Land Use,019,Americas,5110,Area,6646,Forest land,2010,2010,1000 ha,1624344.25,A,Official figure,
RL,Land Use,019,Americas,5110,Area,6646,Forest land,2011,2011,1000 ha,1621682.85,E,Estimated value,
RL,Land Use,019,Americas,5110,Area,6646,Forest land,2012,2012,1000 ha,1619021.45,E,Estimated value,
RL,Land Use,019,Americas,5110,Area,6646,Forest land,2013,2013,1000 ha,1616360.05,E,Estimated value,
RL,Land Use,019,Americas,5110,Area,6646,Forest land,2014,2014,1000 ha,1613698.65,E,Estimated value,
RL,Land Use,019,Americas,5110,Area,6646,Forest land,2015,2015,1000 ha,1611037.25,A,Official figure,
RL,Land Use,019,Americas,5110,Area,6646,Forest land,2016,2016,1000 ha,1608023.35,A,Official figure,
RL,Land Use,019,Americas,5110,Area,6646,Forest land,2017,2017,1000 ha,1604222.089,A,Official figure,
RL,Land Use,019,Americas,5110,Area,6646,Forest land,2018,2018,1000 ha,1601863.13,A,Official figure,
RL,Land Use,019,Americas,5110,Area,6646,Forest land,2019,2019,1000 ha,1599319.34,A,Official figure,
RL,Land Use,019,Americas,5110,Area,6646,Forest land,2020,2020,1000 ha,1596895.79,A,Official figure,
RL,Land Use,019,Americas,5110,Area,6646,Forest land,2021,2021,1000 ha,1594392.08,E,Estimated value,
RL,Land Use,019,Americas,5110,Area,6646,Forest land,2022,2022,1000 ha,1591941.81,E,Estimated value,
RL,Land Use,142,Asia,5110,Area,6601,Land area,1961,1961,1000 ha,2693455.174,A,Official figure,
RL,Land Use,142,Asia,5110,Area,6601,Land area,1962,1962,1000 ha,2693455.174,A,Official figure,
RL,Land Use,142,Asia,5110,Area,6601,Land area,1963,1963,1000 ha,2693455.174,A,Official figure,
RL,Land Use,142,Asia,5110,Area,6601,Land area,1964,1964,1000 ha,2693455.174,A,Official figure,
RL,Land Use,142,Asia,5110,Area,6601,Land area,1965,1965,1000 ha,2693455.174,A,Official figure,
RL,Land Use,142,Asia,5110,Area,6601,Land area,1966,1966,1000 ha,2693455.174,A,Official figure,
RL,Land Use,142,Asia,5110,Area,6601,Land area,1967,1967,1000 ha,2693455.174,A,Official figure,
RL,Land Use,142,Asia,5110,Area,6601,Land area,1968,1968,1000 ha,2693455.174,A,Official figure,
RL,Land Use,142,Asia,5110,Area,6601,Land area,1969,1969,1000 ha,2693455.174,A,Official figure,
RL,Land Use,142,Asia,5110,Area,6601,Land area,1970,1970,1000 ha,2693455.174,A,Official figure,
RL,Land Use,142,Asia,5110,Area,6601,Land area,1971,1971,1000 ha,2693455.174,A,Official figure,
RL,Land Use,142,Asia,5110,Area,6601,Land area,1972,1972,1000 ha,2693445.174,A,Official figure,
RL,Land Use,142,Asia,5110,Area,6601,Land area,1973,1973,1000 ha,2693442.174,A,Official figure,
RL,Land Use,142,Asia,5110,Area,6601,Land area,1974,1974,1000 ha,2693438.174,A,Official figure,
RL,Land Use,142,Asia,5110,Area,6601,Land area,1975,1975,1000 ha,2693425.174,A,Official figure,
RL,Land Use,142,Asia,5110,Area,6601,Land area,1976,1976,1000 ha,2693425.174,A,Official figure,
RL,Land Use,142,Asia,5110,Area,6601,Land area,1977,1977,1000 ha,2693414.174,A,Official figure,
RL,Land Use,142,Asia,5110,Area,6601,Land area,1978,1978,1000 ha,2693414.174,A,Official figure,
RL,Land Use,142,Asia,5110,Area,6601,Land area,1979,1979,1000 ha,2693414.174,A,Official figure,
RL,Land Use,142,Asia,5110,Area,6601,Land area,1980,1980,1000 ha,2693404.174,A,Official figure,
RL,Land Use,142,Asia,5110,Area,6601,Land area,1981,1981,1000 ha,2693414.174,A,Official figure,
RL,Land Use,142,Asia,5110,Area,6601,Land area,1982,1982,1000 ha,2693393.174,A,Official figure,
RL,Land Use,142,Asia,5110,Area,6601,Land area,1983,1983,1000 ha,2693393.174,A,Official figure,
RL,Land Use,142,Asia,5110,Area,6601,Land area,1984,1984,1000 ha,2693243.174,A,Official figure,
RL,Land Use,142,Asia,5110,Area,6601,Land area,1985,1985,1000 ha,2693233.174,A,Official figure,
RL,Land Use,142,Asia,5110,Area,6601,Land area,1986,1986,1000 ha,2693243.174,A,Official figure,
RL,Land Use,142,Asia,5110,Area,6601,Land area,1987,1987,1000 ha,2693233.174,A,Official figure,
RL,Land Use,142,Asia,5110,Area,6601,Land area,1988,1988,1000 ha,2693233.174,A,Official figure,
RL,Land Use,142,Asia,5110,Area,6601,Land area,1989,1989,1000 ha,2693233.174,A,Official figure,
RL,Land Use,142,Asia,5110,Area,6601,Land area,1990,1990,1000 ha,2693233.174,A,Official figure,
RL,Land Use,142,Asia,5110,Area,6601,Land area,1991,1991,1000 ha,2693233.174,A,Official figure,
RL,Land Use,142,Asia,5110,Area,6601,Land area,1992,1992,1000 ha,3104031.874,A,Official figure,
RL,Land Use,142,Asia,5110,Area,6601,Land area,1993,1993,1000 ha,3104031.874,A,Official figure,
RL,Land Use,142,Asia,5110,Area,6601,Land area,1994,1994,1000 ha,3103339.574,A,Official figure,
RL,Land Use,142,Asia,5110,Area,6601,Land area,1995,1995,1000 ha,3103344.574,A,Official figure,
RL,Land Use,142,Asia,5110,Area,6601,Land area,1996,1996,1000 ha,3103333.574,A,Official figure,
RL,Land Use,142,Asia,5110,Area,6601,Land area,1997,1997,1000 ha,3103333.574,A,Official figure,
RL,Land Use,142,Asia,5110,Area,6601,Land area,1998,1998,1000 ha,3103321.074,A,Official figure,
RL,Land Use,142,Asia,5110,Area,6601,Land area,1999,1999,1000 ha,3103282.374,A,Official figure,
RL,Land Use,142,Asia,5110,Area,6601,Land area,2000,2000,1000 ha,3109514.774,A,Official figure,
RL,Land Use,142,Asia,5110,Area,6601,Land area,2001,2001,1000 ha,3109540.294,A,Official figure,
RL,Land Use,142,Asia,5110,Area,6601,Land area,2002,2002,1000 ha,3109493.217,A,Official figure,
RL,Land Use,142,Asia,5110,Area,6601,Land area,2003,2003,1000 ha,3110154.076,A,Official figure,
RL,Land Use,142,Asia,5110,Area,6601,Land area,2004,2004,1000 ha,3109950.452,A,Official figure,
RL,Land Use,142,Asia,5110,Area,6601,Land area,2005,2005,1000 ha,3110223.489,A,Official figure,
RL,Land Use,142,Asia,5110,Area,6601,Land area,2006,2006,1000 ha,3110539.109,E,Estimated value,
RL,Land Use,142,Asia,5110,Area,6601,Land area,2007,2007,1000 ha,3110539.109,E,Estimated value,
RL,Land Use,142,Asia,5110,Area,6601,Land area,2008,2008,1000 ha,3110548.709,E,Estimated value,
RL,Land Use,142,Asia,5110,Area,6601,Land area,2009,2009,1000 ha,3110298.063,E,Estimated value,
RL,Land Use,142,Asia,5110,Area,6601,Land area,2010,2010,1000 ha,3110341.512,E,Estimated value,
RL,Land Use,142,Asia,5110,Area,6601,Land area,2011,2011,1000 ha,3110331.085,E,Estimated value,
RL,Land Use,142,Asia,5110,Area,6601,Land area,2012,2012,1000 ha,3110345.985,E,Estimated value,
RL,Land Use,142,Asia,5110,Area,6601,Land area,2013,2013,1000 ha,3110285.668,E,Estimated value,
RL,Land Use,142,Asia,5110,Area,6601,Land area,2014,2014,1000 ha,3110193.722,E,Estimated value,
RL,Land Use,142,Asia,5110,Area,6601,Land area,2015,2015,1000 ha,3110597.18,E,Estimated value,
RL,Land Use,142,Asia,5110,Area,6601,Land area,2016,2016,1000 ha,3110574.49,E,Estimated value,
RL,Land Use,142,Asia,5110,Area,6601,Land area,2017,2017,1000 ha,3109948.52,E,Estimated value,
RL,Land Use,142,Asia,5110,Area,6601,Land area,2018,2018,1000 ha,3109943.09,E,Estimated value,
RL,Land Use,142,Asia,5110,Area,6601,Land area,2019,2019,1000 ha,3109950.037,E,Estimated value,
RL,Land Use,142,Asia,5110,Area,6601,Land area,2020,2020,1000 ha,3109980.87,E,Estimated value,
RL,Land Use,142,Asia,5110,Area,6601,Land area,2021,2021,1000 ha,3111486.247,E,Estimated value,
RL,Land Use,142,Asia,5110,Area,6601,Land area,2022,2022,1000 ha,3111641.097,E,Estimated value,
RL,Land Use,142,Asia,5110,Area,6610,Agricultural land,1961,1961,1000 ha,1068183.367,E,Estimated value,
RL,Land Use,142,Asia,5110,Area,6610,Agricultural land,1962,1962,1000 ha,1073573.759,E,Estimated value,
RL,Land Use,142,Asia,5110,Area,6610,Agricultural land,1963,1963,1000 ha,1078339.47,E,Estimated value,
RL,Land Use,142,Asia,5110,Area,6610,Agricultural land,1964,1964,1000 ha,1083070.298,E,Estimated value,
RL,Land Use,142,Asia,5110,Area,6610,Agricultural land,1965,1965,1000 ha,1088694.128,E,Estimated value,
RL,Land Use,142,Asia,5110,Area,6610,Agricultural land,1966,1966,1000 ha,1093066.63,E,Estimated value,
RL,Land Use,142,Asia,5110,Area,6610,Agricultural land,1967,1967,1000 ha,1097750.38,E,Estimated value,
RL,Land Use,142,Asia,5110,Area,6610,Agricultural land,1968,1968,1000 ha,1102534.768,E,Estimated value,
RL,Land Use,142,Asia,5110,Area,6610,Agricultural land,1969,1969,1000 ha,1106696.077,E,Estimated value,
RL,Land Use,142,Asia,5110,Area,6610,Agricultural land,1970,1970,1000 ha,1112289.172,E,Estimated value,
RL,Land Use,142,Asia,5110,Area,6610,Agricultural land,1971,1971,1000 ha,1116470.33,E,Estimated value,
RL,Land Use,142,Asia,5110,Area,6610,Agricultural land,1972,1972,1000 ha,1125194.417,E,Estimated value,
RL,Land Use,142,Asia,5110,Area,6610,Agricultural land,1973,1973,1000 ha,1134659.075,E,Estimated value,
RL,Land Use,142,Asia,5110,Area,6610,Agricultural land,1974,1974,1000 ha,1141840.317,E,Estimated value,
RL,Land Use,142,Asia,5110,Area,6610,Agricultural land,1975,1975,1000 ha,1147040.977,E,Estimated value,
RL,Land Use,142,Asia,5110,Area,6610,Agricultural land,1976,1976,1000 ha,1138225.057,E,Estimated value,
RL,Land Use,142,Asia,5110,Area,6610,Agricultural land,1977,1977,1000 ha,1145714.973,E,Estimated value,
RL,Land Use,142,Asia,5110,Area,6610,Agricultural land,1978,1978,1000 ha,1153468.708,E,Estimated value,
RL,Land Use,142,Asia,5110,Area,6610,Agricultural land,1979,1979,1000 ha,1159723.678,E,Estimated value,
RL,Land Use,142,Asia,5110,Area,6610,Agricultural land,1980,1980,1000 ha,1163687.317,E,Estimated value,
RL,Land Use,142,Asia,5110,Area,6610,Agricultural land,1981,1981,1000 ha,1169852.35,E,Estimated value,
RL,Land Use,142,Asia,5110,Area,6610,Agricultural land,1982,1982,1000 ha,1182046.677,E,Estimated value,
RL,Land Use,142,Asia,5110,Area,6610,Agricultural land,1983,1983,1000 ha,1190958.277,E,Estimated value,
RL,Land Use,142,Asia,5110,Area,6610,Agricultural land,1984,1984,1000 ha,1210701.02,E,Estimated value,
RL,Land Use,142,Asia,5110,Area,6610,Agricultural land,1985,1985,1000 ha,1231751.25,E,Estimated value,
RL,Land Use,142,Asia,5110,Area,6610,Agricultural land,1986,1986,1000 ha,1244834.2,E,Estimated value,
RL,Land Use,142,Asia,5110,Area,6610,Agricultural land,1987,1987,1000 ha,1261967.5,E,Estimated value,
RL,Land Use,142,Asia,5110,Area,6610,Agricultural land,1988,1988,1000 ha,1273649.6,E,Estimated value,
RL,Land Use,142,Asia,5110,Area,6610,Agricultural land,1989,1989,1000 ha,1286999.3,E,Estimated value,
RL,Land Use,142,Asia,5110,Area,6610,Agricultural land,1990,1990,1000 ha,1298190.265,E,Estimated value,
RL,Land Use,142,Asia,5110,Area,6610,Agricultural land,1991,1991,1000 ha,1303717.003,E,Estimated value,
RL,Land Use,142,Asia,5110,Area,6610,Agricultural land,1992,1992,1000 ha,1611701.367,E,Estimated value,
RL,Land Use,142,Asia,5110,Area,6610,Agricultural land,1993,1993,1000 ha,1620286.117,E,Estimated value,
RL,Land Use,142,Asia,5110,Area,6610,Agricultural land,1994,1994,1000 ha,1631096.595,E,Estimated value,
RL,Land Use,142,Asia,5110,Area,6610,Agricultural land,1995,1995,1000 ha,1634072.004,E,Estimated value,
RL,Land Use,142,Asia,5110,Area,6610,Agricultural land,1996,1996,1000 ha,1640030.292,E,Estimated value,
RL,Land Use,142,Asia,5110,Area,6610,Agricultural land,1997,1997,1000 ha,1658030.051,E,Estimated value,
RL,Land Use,142,Asia,5110,Area,6610,Agricultural land,1998,1998,1000 ha,1667760.639,E,Estimated value,
RL,Land Use,142,Asia,5110,Area,6610,Agricultural land,1999,1999,1000 ha,1676487.523,E,Estimated value,
RL,Land Use,142,Asia,5110,Area,6610,Agricultural land,2000,2000,1000 ha,1677616.452,E,Estimated value,
RL,Land Use,142,Asia,5110,Area,6610,Agricultural land,2001,2001,1000 ha,1679934.98,E,Estimated value,
RL,Land Use,142,Asia,5110,Area,6610,Agricultural land,2002,2002,1000 ha,1680693.91,E,Estimated value,
RL,Land Use,142,Asia,5110,Area,6610,Agricultural land,2003,2003,1000 ha,1665134.459,E,Estimated value,
RL,Land Use,142,Asia,5110,Area,6610,Agricultural land,2004,2004,1000 ha,1665755.025,B,Time series break,
RL,Land Use,142,Asia,5110,Area,6610,Agricultural land,2005,2005,1000 ha,1649342.574,B,Time series break,
RL,Land Use,142,Asia,5110,Area,6610,Agricultural land,2006,2006,1000 ha,1651459.765,E,Estimated value,
RL,Land Use,142,Asia,5110,Area,6610,Agricultural land,2007,2007,1000 ha,1651756.839,E,Estimated value,
RL,Land Use,142,Asia,5110,Area,6610,Agricultural land,2008,2008,1000 ha,1649083.789,E,Estimated value,
RL,Land Use,142,Asia,5110,Area,6610,Agricultural land,2009,2009,1000 ha,1649655.943,E,Estimated value,
RL,Land Use,142,Asia,5110,Area,6610,Agricultural land,2010,2010,1000 ha,1654442.317,E,Estimated value,
RL,Land Use,142,Asia,5110,Area,6610,Agricultural land,2011,2011,1000 ha,1654476.134,E,Estimated value,
RL,Land Use,142,Asia,5110,Area,6610,Agricultural land,2012,2012,1000 ha,1654110.564,E,Estimated value,
RL,Land Use,142,Asia,5110,Area,6610,Agricultural land,2013,2013,1000 ha,1654395.899,E,Estimated value,
RL,Land Use,142,Asia,5110,Area,6610,Agricultural land,2014,2014,1000 ha,1654412.662,E,Estimated value,
RL,Land Use,142,Asia,5110,Area,6610,Agricultural land,2015,2015,1000 ha,1655223.267,E,Estimated value,
RL,Land Use,142,Asia,5110,Area,6610,Agricultural land,2016,2016,1000 ha,1655163.162,E,Estimated value,
RL,Land Use,142,Asia,5110,Area,6610,Agricultural land,2017,2017,1000 ha,1657198.404,E,Estimated value,
RL,Land Use,142,Asia,5110,Area,6610,Agricultural land,2018,2018,1000 ha,1656980.472,E,Estimated value,
RL,Land Use,142,Asia,5110,Area,6610,Agricultural land,2019,2019,1000 ha,1659711.806,E,Estimated value,
RL,Land Use,142,Asia,5110,Area,6610,Agricultural land,2020,2020,1000 ha,1659996.741,E,Estimated value,
RL,Land Use,142,Asia,5110,Area,6610,Agricultural land,2021,2021,1000 ha,1659938.388,E,Estimated value,
RL,Land Use,142,Asia,5110,Area,6610,Agricultural land,2022,2022,1000 ha,1659815.055,E,Estimated value,
RL,Land Use,142,Asia,5110,Area,6646,Forest land,1990,1990,1000 ha,569978.1969,A,Official figure,
RL,Land Use,142,Asia,5110,Area,6646,Forest land,1991,1991,1000 ha,570129.6984,E,Estimated value,
RL,Land Use,142,Asia,5110,Area,6646,Forest land,1992,1992,1000 ha,585796.3953,E,Estimated value,
RL,Land Use,142,Asia,5110,Area,6646,Forest land,1993,1993,1000 ha,585998.0907,E,Estimated value,
RL,Land Use,142,Asia,5110,Area,6646,Forest land,1994,1994,1000 ha,586199.786,E,Estimated value,
RL,Land Use,142,Asia,5110,Area,6646,Forest land,1995,1995,1000 ha,586401.4814,E,Estimated value,
RL,Land Use,142,Asia,5110,Area,6646,Forest land,1996,1996,1000 ha,586603.1768,E,Estimated value,
RL,Land Use,142,Asia,5110,Area,6646,Forest land,1997,1997,1000 ha,586804.8722,E,Estimated value,
RL,Land Use,142,Asia,5110,Area,6646,Forest land,1998,1998,1000 ha,587006.5676,E,Estimated value,
RL,Land Use,142,Asia,5110,Area,6646,Forest land,1999,1999,1000 ha,587208.263,E,Estimated value,
RL,Land Use,142,Asia,5110,Area,6646,Forest land,2000,2000,1000 ha,587409.9584,A,Official figure,
RL,Land Use,142,Asia,5110,Area,6646,Forest land,2001,2001,1000 ha,589764.9532,E,Estimated value,
RL,Land Use,142,Asia,5110,Area,6646,Forest land,2002,2002,1000 ha,592119.948,E,Estimated value,
RL,Land Use,142,Asia,5110,Area,6646,Forest land,2003,2003,1000 ha,594474.9428,E,Estimated value,
RL,Land Use,142,Asia,5110,Area,6646,Forest land,2004,2004,1000 ha,596829.9376,E,Estimated value,
RL,Land Use,142,Asia,5110,Area,6646,Forest land,2005,2005,1000 ha,599184.9324,E,Estimated value,
RL,Land Use,142,Asia,5110,Area,6646,Forest land,2006,2006,1000 ha,601539.9273,E,Estimated value,
RL,Land Use,142,Asia,5110,Area,6646,Forest land,2007,2007,1000 ha,603894.9221,E,Estimated value,
RL,Land Use,142,Asia,5110,Area,6646,Forest land,2008,2008,1000 ha,606249.9169,E,Estimated value,
RL,Land Use,142,Asia,5110,Area,6646,Forest land,2009,2009,1000 ha,608604.9117,E,Estimated value,
RL,Land Use,142,Asia,5110,Area,6646,Forest land,2010,2010,1000 ha,610959.9065,A,Official figure,
RL,Land Use,142,Asia,5110,Area,6646,Forest land,2011,2011,1000 ha,611989.2321,E,Estimated value,
RL,Land Use,142,Asia,5110,Area,6646,Forest land,2012,2012,1000 ha,613018.5577,E,Estimated value,
RL,Land Use,142,Asia,5110,Area,6646,Forest land,2013,2013,1000 ha,614047.8833,E,Estimated value,
RL,Land Use,142,Asia,5110,Area,6646,Forest land,2014,2014,1000 ha,615077.209,E,Estimated value,
RL,Land Use,142,Asia,5110,Area,6646,Forest land,2015,2015,1000 ha,616106.5346,A,Official figure,
RL,Land Use,142,Asia,5110,Area,6646,Forest land,2016,2016,1000 ha,618419.5977,A,Official figure,
RL,Land Use,142,Asia,5110,Area,6646,Forest land,2017,2017,1000 ha,618894.215,A,Official figure,
RL,Land Use,142,Asia,5110,Area,6646,Forest land,2018,2018,1000 ha,620160.1262,A,Official figure,
RL,Land Use,142,Asia,5110,Area,6646,Forest land,2019,2019,1000 ha,621427.43,A,Official figure,
RL,Land Use,142,Asia,5110,Area,6646,Forest land,2020,2020,1000 ha,622686.81,A,Official figure,
RL,Land Use,142,Asia,5110,Area,6646,Forest land,2021,2021,1000 ha,623951.4726,E,Estimated value,
RL,Land Use,142,Asia,5110,Area,6646,Forest land,2022,2022,1000 ha,625212.6134,E,Estimated value,
RL,Land Use,150,Europe,5110,Area,6601,Land area,1961,1961,1000 ha,2669940.417,A,Official figure,
RL,Land Use,150,Europe,5110,Area,6601,Land area,1962,1962,1000 ha,2669938.417,A,Official figure,
RL,Land Use,150,Europe,5110,Area,6601,Land area,1963,1963,1000 ha,2669939.417,A,Official figure,
RL,Land Use,150,Europe,5110,Area,6601,Land area,1964,1964,1000 ha,2669939.417,A,Official figure,
RL,Land Use,150,Europe,5110,Area,6601,Land area,1965,1965,1000 ha,2669938.417,A,Official figure,
RL,Land Use,150,Europe,5110,Area,6601,Land area,1966,1966,1000 ha,2669937.417,A,Official figure,
RL,Land Use,150,Europe,5110,Area,6601,Land area,1967,1967,1000 ha,2669936.417,A,Official figure,
RL,Land Use,150,Europe,5110,Area,6601,Land area,1968,1968,1000 ha,2669935.417,A,Official figure,
RL,Land Use,150,Europe,5110,Area,6601,Land area,1969,1969,1000 ha,2669935.417,A,Official figure,
RL,Land Use,150,Europe,5110,Area,6601,Land area,1970,1970,1000 ha,2669934.417,A,Official figure,
RL,Land Use,150,Europe,5110,Area,6601,Land area,1971,1971,1000 ha,2669933.417,A,Official figure,
RL,Land Use,150,Europe,5110,Area,6601,Land area,1972,1972,1000 ha,2669932.417,A,Official figure,
RL,Land Use,150,Europe,5110,Area,6601,Land area,1973,1973,1000 ha,2669930.417,A,Official figure,
RL,Land Use,150,Europe,5110,Area,6601,Land area,1974,1974,1000 ha,2669926.417,A,Official figure,
RL,Land Use,150,Europe,5110,Area,6601,Land area,1975,1975,1000 ha,2669912.417,A,Official figure,
RL,Land Use,150,Europe,5110,Area,6601,Land area,1976,1976,1000 ha,2669902.417,A,Official figure,
RL,Land Use,150,Europe,5110,Area,6601,Land area,1977,1977,1000 ha,2669899.417,A,Official figure,
RL,Land Use,150,Europe,5110,Area,6601,Land area,1978,1978,1000 ha,2669897.417,A,Official figure,
RL,Land Use,150,Europe,5110,Area,6601,Land area,1979,1979,1000 ha,2669892.488,A,Official figure,
RL,Land Use,150,Europe,5110,Area,6601,Land area,1980,1980,1000 ha,2669882.488,A,Official figure,
RL,Land Use,150,Europe,5110,Area,6601,Land area,1981,1981,1000 ha,2669879.488,A,Official figure,
RL,Land Use,150,Europe,5110,Area,6601,Land area,1982,1982,1000 ha,2669880.488,A,Official figure,
RL,Land Use,150,Europe,5110,Area,6601,Land area,1983,1983,1000 ha,2669872.488,A,Official figure,
RL,Land Use,150,Europe,5110,Area,6601,Land area,1984,1984,1000 ha,2669869.496,A,Official figure,
RL,Land Use,150,Europe,5110,Area,6601,Land area,1985,1985,1000 ha,2669867.504,A,Official figure,
RL,Land Use,150,Europe,5110,Area,6601,Land area,1986,1986,1000 ha,2669866.512,A,Official figure,
RL,Land Use,150,Europe,5110,Area,6601,Land area,1987,1987,1000 ha,2669865.52,A,Official figure,
RL,Land Use,150,Europe,5110,Area,6601,Land area,1988,1988,1000 ha,2669863.528,A,Official figure,
RL,Land Use,150,Europe,5110,Area,6601,Land area,1989,1989,1000 ha,2669764.536,A,Official figure,
RL,Land Use,150,Europe,5110,Area,6601,Land area,1990,1990,1000 ha,2669763.544,A,Official figure,
RL,Land Use,150,Europe,5110,Area,6601,Land area,1991,1991,1000 ha,2669774.552,A,Official figure,
RL,Land Use,150,Europe,5110,Area,6601,Land area,1992,1992,1000 ha,2214679.06,A,Official figure,
RL,Land Use,150,Europe,5110,Area,6601,Land area,1993,1993,1000 ha,2214305.468,A,Official figure,
RL,Land Use,150,Europe,5110,Area,6601,Land area,1994,1994,1000 ha,2213822.076,A,Official figure,
RL,Land Use,150,Europe,5110,Area,6601,Land area,1995,1995,1000 ha,2213522.084,A,Official figure,
RL,Land Use,150,Europe,5110,Area,6601,Land area,1996,1996,1000 ha,2213487.562,A,Official figure,
RL,Land Use,150,Europe,5110,Area,6601,Land area,1997,1997,1000 ha,2213546.54,A,Official figure,
RL,Land Use,150,Europe,5110,Area,6601,Land area,1998,1998,1000 ha,2213803.819,A,Official figure,
RL,Land Use,150,Europe,5110,Area,6601,Land area,1999,1999,1000 ha,2214521.297,A,Official figure,
RL,Land Use,150,Europe,5110,Area,6601,Land area,2000,2000,1000 ha,2213919.321,A,Official figure,
RL,Land Use,150,Europe,5110,Area,6601,Land area,2001,2001,1000 ha,2213775.799,A,Official figure,
RL,Land Use,150,Europe,5110,Area,6601,Land area,2002,2002,1000 ha,2213704.177,A,Official figure,
RL,Land Use,150,Europe,5110,Area,6601,Land area,2003,2003,1000 ha,2213754.954,A,Official figure,
RL,Land Use,150,Europe,5110,Area,6601,Land area,2004,2004,1000 ha,2213753.732,A,Official figure,
RL,Land Use,150,Europe,5110,Area,6601,Land area,2005,2005,1000 ha,2213747.41,A,Official figure,
RL,Land Use,150,Europe,5110,Area,6601,Land area,2006,2006,1000 ha,2213212.387,A,Official figure,
RL,Land Use,150,Europe,5110,Area,6601,Land area,2007,2007,1000 ha,2213183.965,A,Official figure,
RL,Land Use,150,Europe,5110,Area,6601,Land area,2008,2008,1000 ha,2213040.125,A,Official figure,
RL,Land Use,150,Europe,5110,Area,6601,Land area,2009,2009,1000 ha,2213131.625,A,Official figure,
RL,Land Use,150,Europe,5110,Area,6601,Land area,2010,2010,1000 ha,2213257.105,A,Official figure,
RL,Land Use,150,Europe,5110,Area,6601,Land area,2011,2011,1000 ha,2213248.425,A,Official figure,
RL,Land Use,150,Europe,5110,Area,6601,Land area,2012,2012,1000 ha,2213263.236,A,Official figure,
RL,Land Use,150,Europe,5110,Area,6601,Land area,2013,2013,1000 ha,2213393.022,A,Official figure,
RL,Land Use,150,Europe,5110,Area,6601,Land area,2014,2014,1000 ha,2213469.706,A,Official figure,
RL,Land Use,150,Europe,5110,Area,6601,Land area,2015,2015,1000 ha,2213416.07,A,Official figure,
RL,Land Use,150,Europe,5110,Area,6601,Land area,2016,2016,1000 ha,2213451.753,A,Official figure,
RL,Land Use,150,Europe,5110,Area,6601,Land area,2017,2017,1000 ha,2213379.325,A,Official figure,
RL,Land Use,150,Europe,5110,Area,6601,Land area,2018,2018,1000 ha,2213463.898,A,Official figure,
RL,Land Use,150,Europe,5110,Area,6601,Land area,2019,2019,1000 ha,2213449.199,A,Official figure,
RL,Land Use,150,Europe,5110,Area,6601,Land area,2020,2020,1000 ha,2213030.533,A,Official figure,
RL,Land Use,150,Europe,5110,Area,6601,Land area,2021,2021,1000 ha,2213048.239,A,Official figure,
RL,Land Use,150,Europe,5110,Area,6601,Land area,2022,2022,1000 ha,2213034.473,A,Official figure,
RL,Land Use,150,Europe,5110,Area,6610,Agricultural land,1961,1961,1000 ha,780818.332,E,Estimated value,
RL,Land Use,150,Europe,5110,Area,6610,Agricultural land,1962,1962,1000 ha,781979.532,E,Estimated value,
RL,Land Use,150,Europe,5110,Area,6610,Agricultural land,1963,1963,1000 ha,780440.032,E,Estimated value,
RL,Land Use,150,Europe,5110,Area,6610,Agricultural land,1964,1964,1000 ha,779342.232,E,Estimated value,
RL,Land Use,150,Europe,5110,Area,6610,Agricultural land,1965,1965,1000 ha,781205.932,E,Estimated value,
RL,Land Use,150,Europe,5110,Area,6610,Agricultural land,1966,1966,1000 ha,779829.432,E,Estimated value,
RL,Land Use,150,Europe,5110,Area,6610,Agricultural land,1967,1967,1000 ha,781092.832,E,Estimated value,
RL,Land Use,150,Europe,5110,Area,6610,Agricultural land,1968,1968,1000 ha,780740.832,E,Estimated value,
RL,Land Use,150,Europe,5110,Area,6610,Agricultural land,1969,1969,1000 ha,782823.232,E,Estimated value,
RL,Land Use,150,Europe,5110,Area,6610,Agricultural land,1970,1970,1000 ha,780068.532,E,Estimated value,
RL,Land Use,150,Europe,5110,Area,6610,Agricultural land,1971,1971,1000 ha,777768.432,E,Estimated value,
RL,Land Use,150,Europe,5110,Area,6610,Agricultural land,1972,1972,1000 ha,778742.132,E,Estimated value,
RL,Land Use,150,Europe,5110,Area,6610,Agricultural land,1973,1973,1000 ha,780227.732,E,Estimated value,
RL,Land Use,150,Europe,5110,Area,6610,Agricultural land,1974,1974,1000 ha,781068.232,E,Estimated value,
RL,Land Use,150,Europe,5110,Area,6610,Agricultural land,1975,1975,1000 ha,777708.232,E,Estimated value,
RL,Land Use,150,Europe,5110,Area,6610,Agricultural land,1976,1976,1000 ha,779102.932,E,Estimated value,
RL,Land Use,150,Europe,5110,Area,6610,Agricultural land,1977,1977,1000 ha,780187.632,E,Estimated value,
RL,Land Use,150,Europe,5110,Area,6610,Agricultural land,1978,1978,1000 ha,779522.132,E,Estimated value,
RL,Land Use,150,Europe,5110,Area,6610,Agricultural land,1979,1979,1000 ha,778426.2607,E,Estimated value,
RL,Land Use,150,Europe,5110,Area,6610,Agricultural land,1980,1980,1000 ha,778420.6886,A,Official figure,
RL,Land Use,150,Europe,5110,Area,6610,Agricultural land,1981,1981,1000 ha,778106.7202,E,Estimated value,
RL,Land Use,150,Europe,5110,Area,6610,Agricultural land,1982,1982,1000 ha,780385.6714,E,Estimated value,
RL,Land Use,150,Europe,5110,Area,6610,Agricultural land,1983,1983,1000 ha,780018.637,E,Estimated value,
RL,Land Use,150,Europe,5110,Area,6610,Agricultural land,1984,1984,1000 ha,779848.7882,E,Estimated value,
RL,Land Use,150,Europe,5110,Area,6610,Agricultural land,1985,1985,1000 ha,780300.8844,E,Estimated value,
RL,Land Use,150,Europe,5110,Area,6610,Agricultural land,1986,1986,1000 ha,780405.9337,E,Estimated value,
RL,Land Use,150,Europe,5110,Area,6610,Agricultural land,1987,1987,1000 ha,777897.7278,E,Estimated value,
RL,Land Use,150,Europe,5110,Area,6610,Agricultural land,1988,1988,1000 ha,777905.3361,E,Estimated value,
RL,Land Use,150,Europe,5110,Area,6610,Agricultural land,1989,1989,1000 ha,777453.4586,E,Estimated value,
RL,Land Use,150,Europe,5110,Area,6610,Agricultural land,1990,1990,1000 ha,775967.7623,E,Estimated value,
RL,Land Use,150,Europe,5110,Area,6610,Agricultural land,1991,1991,1000 ha,772813.846,E,Estimated value,
RL,Land Use,150,Europe,5110,Area,6610,Agricultural land,1992,1992,1000 ha,497914.4108,E,Estimated value,
RL,Land Use,150,Europe,5110,Area,6610,Agricultural land,1993,1993,1000 ha,493978.3896,A,Official figure,
RL,Land Use,150,Europe,5110,Area,6610,Agricultural land,1994,1994,1000 ha,492347.8823,A,Official figure,
RL,Land Use,150,Europe,5110,Area,6610,Agricultural land,1995,1995,1000 ha,489412.381,A,Official figure,
RL,Land Use,150,Europe,5110,Area,6610,Agricultural land,1996,1996,1000 ha,488808.3115,A,Official figure,
RL,Land Use,150,Europe,5110,Area,6610,Agricultural land,1997,1997,1000 ha,490006.4611,A,Official figure,
RL,Land Use,150,Europe,5110,Area,6610,Agricultural land,1998,1998,1000 ha,488415.3174,A,Official figure,
RL,Land Use,150,Europe,5110,Area,6610,Agricultural land,1999,1999,1000 ha,486630.3011,A,Official figure,
RL,Land Use,150,Europe,5110,Area,6610,Agricultural land,2000,2000,1000 ha,484630.4495,A,Official figure,
RL,Land Use,150,Europe,5110,Area,6610,Agricultural land,2001,2001,1000 ha,481966.2076,A,Official figure,
RL,Land Use,150,Europe,5110,Area,6610,Agricultural land,2002,2002,1000 ha,479355.6646,A,Official figure,
RL,Land Use,150,Europe,5110,Area,6610,Agricultural land,2003,2003,1000 ha,477065.5079,A,Official figure,
RL,Land Use,150,Europe,5110,Area,6610,Agricultural land,2004,2004,1000 ha,475645.5149,A,Official figure,
RL,Land Use,150,Europe,5110,Area,6610,Agricultural land,2005,2005,1000 ha,474971.3721,A,Official figure,
RL,Land Use,150,Europe,5110,Area,6610,Agricultural land,2006,2006,1000 ha,472408.3577,A,Official figure,
RL,Land Use,150,Europe,5110,Area,6610,Agricultural land,2007,2007,1000 ha,469875.7376,A,Official figure,
RL,Land Use,150,Europe,5110,Area,6610,Agricultural land,2008,2008,1000 ha,470849.9263,A,Official figure,
RL,Land Use,150,Europe,5110,Area,6610,Agricultural land,2009,2009,1000 ha,469300.4083,A,Official figure,
RL,Land Use,150,Europe,5110,Area,6610,Agricultural land,2010,2010,1000 ha,467738.4156,A,Official figure,
RL,Land Use,150,Europe,5110,Area,6610,Agricultural land,2011,2011,1000 ha,466697.1256,A,Official figure,
RL,Land Use,150,Europe,5110,Area,6610,Agricultural land,2012,2012,1000 ha,465800.9405,A,Official figure,
RL,Land Use,150,Europe,5110,Area,6610,Agricultural land,2013,2013,1000 ha,465340.2491,A,Official figure,
RL,Land Use,150,Europe,5110,Area,6610,Agricultural land,2014,2014,1000 ha,463421.1668,A,Official figure,
RL,Land Use,150,Europe,5110,Area,6610,Agricultural land,2015,2015,1000 ha,463047.4125,A,Official figure,
RL,Land Use,150,Europe,5110,Area,6610,Agricultural land,2016,2016,1000 ha,462311.7011,A,Official figure,
RL,Land Use,150,Europe,5110,Area,6610,Agricultural land,2017,2017,1000 ha,462257.27,A,Official figure,
RL,Land Use,150,Europe,5110,Area,6610,Agricultural land,2018,2018,1000 ha,461389.6541,A,Official figure,
RL,Land Use,150,Europe,5110,Area,6610,Agricultural land,2019,2019,1000 ha,462713.9058,A,Official figure,
RL,Land Use,150,Europe,5110,Area,6610,Agricultural land,2020,2020,1000 ha,460405.7079,A,Official figure,
RL,Land Use,150,Europe,5110,Area,6610,Agricultural land,2021,2021,1000 ha,460001.6728,A,Official figure,
RL,Land Use,150,Europe,5110,Area,6610,Agricultural land,2022,2022,1000 ha,459452.6641,A,Official figure,
RL,Land Use,150,Europe,5110,Area,6646,Forest land,1990,1990,1000 ha,1009733.969,A,Official figure,
RL,Land Use,150,Europe,5110,Area,6646,Forest land,1991,1991,1000 ha,1010579.07,E,Estimated value,
RL,Land Use,150,Europe,5110,Area,6646,Forest land,1992,1992,1000 ha,995908.9767,E,Estimated value,
RL,Land Use,150,Europe,5110,Area,6646,Forest land,1993,1993,1000 ha,996703.8846,E,Estimated value,
RL,Land Use,150,Europe,5110,Area,6646,Forest land,1994,1994,1000 ha,997498.7924,E,Estimated value,
RL,Land Use,150,Europe,5110,Area,6646,Forest land,1995,1995,1000 ha,998293.7003,E,Estimated value,
RL,Land Use,150,Europe,5110,Area,6646,Forest land,1996,1996,1000 ha,999088.6082,E,Estimated value,
RL,Land Use,150,Europe,5110,Area,6646,Forest land,1997,1997,1000 ha,999883.516,E,Estimated value,
RL,Land Use,150,Europe,5110,Area,6646,Forest land,1998,1998,1000 ha,1000678.424,E,Estimated value,
RL,Land Use,150,Europe,5110,Area,6646,Forest land,1999,1999,1000 ha,1001473.332,E,Estimated value,
RL,Land Use,150,Europe,5110,Area,6646,Forest land,2000,2000,1000 ha,1002268.24,A,Official figure,
RL,Land Use,150,Europe,5110,Area,6646,Forest land,2001,2001,1000 ha,1003439.654,E,Estimated value,
RL,Land Use,150,Europe,5110,Area,6646,Forest land,2002,2002,1000 ha,1004611.068,E,Estimated value,
RL,Land Use,150,Europe,5110,Area,6646,Forest land,2003,2003,1000 ha,1005782.482,E,Estimated value,
RL,Land Use,150,Europe,5110,Area,6646,Forest land,2004,2004,1000 ha,1006953.897,E,Estimated value,
RL,Land Use,150,Europe,5110,Area,6646,Forest land,2005,2005,1000 ha,1008125.311,E,Estimated value,
RL,Land Use,150,Europe,5110,Area,6646,Forest land,2006,2006,1000 ha,1009296.725,E,Estimated value,
RL,Land Use,150,Europe,5110,Area,6646,Forest land,2007,2007,1000 ha,1010468.139,E,Estimated value,
RL,Land Use,150,Europe,5110,Area,6646,Forest land,2008,2008,1000 ha,1011639.554,E,Estimated value,
RL,Land Use,150,Europe,5110,Area,6646,Forest land,2009,2009,1000 ha,1012810.968,E,Estimated value,
RL,Land Use,150,Europe,5110,Area,6646,Forest land,2010,2010,1000 ha,1013982.382,A,Official figure,
RL,Land Use,150,Europe,5110,Area,6646,Forest land,2011,2011,1000 ha,1014347.198,E,Estimated value,
RL,Land Use,150,Europe,5110,Area,6646,Forest land,2012,2012,1000 ha,1014712.014,E,Estimated value,
RL,Land Use,150,Europe,5110,Area,6646,Forest land,2013,2013,1000 ha,1015076.829,E,Estimated value,
RL,Land Use,150,Europe,5110,Area,6646,Forest land,2014,2014,1000 ha,1015441.645,E,Estimated value,
RL,Land Use,150,Europe,5110,Area,6646,Forest land,2015,2015,1000 ha,1015806.461,A,Official figure,
RL,Land Use,150,Europe,5110,Area,6646,Forest land,2016,2016,1000 ha,1016332.66,A,Official figure,
RL,Land Use,150,Europe,5110,Area,6646,Forest land,2017,2017,1000 ha,1016789.111,A,Official figure,
RL,Land Use,150,Europe,5110,Area,6646,Forest land,2018,2018,1000 ha,1017014.47,A,Official figure,
RL,Land Use,150,Europe,5110,Area,6646,Forest land,2019,2019,1000 ha,1017230.18,A,Official figure,
RL,Land Use,150,Europe,5110,Area,6646,Forest land,2020,2020,1000 ha,1017451.89,A,Official figure,
RL,Land Use,150,Europe,5110,Area,6646,Forest land,2021,2021,1000 ha,1017674.79,E,Estimated value,
RL,Land Use,150,Europe,5110,Area,6646,Forest land,2022,2022,1000 ha,1017896.901,E,Estimated value,
RL,Land Use,009,Oceania,5110,Area,6601,Land area,1961,1961,1000 ha,848654.7,A,Official figure,
RL,Land Use,009,Oceania,5110,Area,6601,Land area,1962,1962,1000 ha,848654.7,A,Official figure,
RL,Land Use,009,Oceania,5110,Area,6601,Land area,1963,1963,1000 ha,848654.7,A,Official figure,
RL,Land Use,009,Oceania,5110,Area,6601,Land area,1964,1964,1000 ha,848654.7,A,Official figure,
RL,Land Use,009,Oceania,5110,Area,6601,Land area,1965,1965,1000 ha,848654.7,A,Official figure,
RL,Land Use,009,Oceania,5110,Area,6601,Land area,1966,1966,1000 ha,848654.7,A,Official figure,
RL,Land Use,009,Oceania,5110,Area,6601,Land area,1967,1967,1000 ha,848654.7,A,Official figure,
RL,Land Use,009,Oceania,5110,Area,6601,Land area,1968,1968,1000 ha,848654.7,A,Official figure,
RL,Land Use,009,Oceania,5110,Area,6601,Land area,1969,1969,1000 ha,848654.7,A,Official figure,
RL,Land Use,009,Oceania,5110,Area,6601,Land area,1970,1970,1000 ha,848654.7,A,Official figure,
RL,Land Use,009,Oceania,5110,Area,6601,Land area,1971,1971,1000 ha,848654.7,A,Official figure,
RL,Land Use,009,Oceania,5110,Area,6601,Land area,1972,1972,1000 ha,848654.7,A,Official figure,
RL,Land Use,009,Oceania,5110,Area,6601,Land area,1973,1973,1000 ha,848654.7,A,Official figure,
RL,Land Use,009,Oceania,5110,Area,6601,Land area,1974,1974,1000 ha,848654.7,A,Official figure,
RL,Land Use,009,Oceania,5110,Area,6601,Land area,1975,1975,1000 ha,848654.7,A,Official figure,
RL,Land Use,009,Oceania,5110,Area,6601,Land area,1976,1976,1000 ha,848654.7,A,Official figure,
RL,Land Use,009,Oceania,5110,Area,6601,Land area,1977,1977,1000 ha,848654.7,A,Official figure,
RL,Land Use,009,Oceania,5110,Area,6601,Land area,1978,1978,1000 ha,848654.7,A,Official figure,
RL,Land Use,009,Oceania,5110,Area,6601,Land area,1979,1979,1000 ha,848654.7,A,Official figure,
RL,Land Use,009,Oceania,5110,Area,6601,Land area,1980,1980,1000 ha,848654.7,A,Official figure,
RL,Land Use,009,Oceania,5110,Area,6601,Land area,1981,1981,1000 ha,848654.7,A,Official figure,
RL,Land Use,009,Oceania,5110,Area,6601,Land area,1982,1982,1000 ha,848654.7,A,Official figure,
RL,Land Use,009,Oceania,5110,Area,6601,Land area,1983,1983,1000 ha,848654.7,A,Official figure,
RL,Land Use,009,Oceania,5110,Area,6601,Land area,1984,1984,1000 ha,848654.7,A,Official figure,
RL,Land Use,009,Oceania,5110,Area,6601,Land area,1985,1985,1000 ha,848654.7,A,Official figure,
RL,Land Use,009,Oceania,5110,Area,6601,Land area,1986,1986,1000 ha,848654.7,A,Official figure,
RL,Land Use,009,Oceania,5110,Area,6601,Land area,1987,1987,1000 ha,848654.7,A,Official figure,
RL,Land Use,009,Oceania,5110,Area,6601,Land area,1988,1988,1000 ha,848654.7,A,Official figure,
RL,Land Use,009,Oceania,5110,Area,6601,Land area,1989,1989,1000 ha,848654.7,A,Official figure,
RL,Land Use,009,Oceania,5110,Area,6601,Land area,1990,1990,1000 ha,848654.7,A,Official figure,
RL,Land Use,009,Oceania,5110,Area,6601,Land area,1991,1991,1000 ha,848654.7,A,Official figure,
RL,Land Use,009,Oceania,5110,Area,6601,Land area,1992,1992,1000 ha,848654.7,A,Official figure,
RL,Land Use,009,Oceania,5110,Area,6601,Land area,1993,1993,1000 ha,848654.7,A,Official figure,
RL,Land Use,009,Oceania,5110,Area,6601,Land area,1994,1994,1000 ha,848654.7,A,Official figure,
RL,Land Use,009,Oceania,5110,Area,6601,Land area,1995,1995,1000 ha,848654.7,A,Official figure,
RL,Land Use,009,Oceania,5110,Area,6601,Land area,1996,1996,1000 ha,848654.7,A,Official figure,
RL,Land Use,009,Oceania,5110,Area,6601,Land area,1997,1997,1000 ha,848654.7,A,Official figure,
RL,Land Use,009,Oceania,5110,Area,6601,Land area,1998,1998,1000 ha,848654.7,A,Official figure,
RL,Land Use,009,Oceania,5110,Area,6601,Land area,1999,1999,1000 ha,848654.7,A,Official figure,
RL,Land Use,009,Oceania,5110,Area,6601,Land area,2000,2000,1000 ha,848635.8,A,Official figure,
RL,Land Use,009,Oceania,5110,Area,6601,Land area,2001,2001,1000 ha,848635.8,A,Official figure,
RL,Land Use,009,Oceania,5110,Area,6601,Land area,2002,2002,1000 ha,848635.8,A,Official figure,
RL,Land Use,009,Oceania,5110,Area,6601,Land area,2003,2003,1000 ha,848635.8,A,Official figure,
RL,Land Use,009,Oceania,5110,Area,6601,Land area,2004,2004,1000 ha,848635.8,E,Estimated value,
RL,Land Use,009,Oceania,5110,Area,6601,Land area,2005,2005,1000 ha,848635.8,E,Estimated value,
RL,Land Use,009,Oceania,5110,Area,6601,Land area,2006,2006,1000 ha,848635.8,E,Estimated value,
RL,Land Use,009,Oceania,5110,Area,6601,Land area,2007,2007,1000 ha,848635.8,E,Estimated value,
RL,Land Use,009,Oceania,5110,Area,6601,Land area,2008,2008,1000 ha,848635.8,A,Official figure,
RL,Land Use,009,Oceania,5110,Area,6601,Land area,2009,2009,1000 ha,848635.8,A,Official figure,
RL,Land Use,009,Oceania,5110,Area,6601,Land area,2010,2010,1000 ha,848635.8,A,Official figure,
RL,Land Use,009,Oceania,5110,Area,6601,Land area,2011,2011,1000 ha,848635.8,A,Official figure,
RL,Land Use,009,Oceania,5110,Area,6601,Land area,2012,2012,1000 ha,848635.8,A,Official figure,
RL,Land Use,009,Oceania,5110,Area,6601,Land area,2013,2013,1000 ha,848635.8,A,Official figure,
RL,Land Use,009,Oceania,5110,Area,6601,Land area,2014,2014,1000 ha,848635.8,A,Official figure,
RL,Land Use,009,Oceania,5110,Area,6601,Land area,2015,2015,1000 ha,848635.8,E,Estimated value,
RL,Land Use,009,Oceania,5110,Area,6601,Land area,2016,2016,1000 ha,849607.8,E,Estimated value,
RL,Land Use,009,Oceania,5110,Area,6601,Land area,2017,2017,1000 ha,849602.8,A,Official figure,
RL,Land Use,009,Oceania,5110,Area,6601,Land area,2018,2018,1000 ha,849602.8,A,Official figure,
RL,Land Use,009,Oceania,5110,Area,6601,Land area,2019,2019,1000 ha,849602.8,A,Official figure,
RL,Land Use,009,Oceania,5110,Area,6601,Land area,2020,2020,1000 ha,849602.8,A,Official figure,
RL,Land Use,009,Oceania,5110,Area,6601,Land area,2021,2021,1000 ha,849602.8,E,Estimated value,
RL,Land Use,009,Oceania,5110,Area,6601,Land area,2022,2022,1000 ha,849602.8,E,Estimated value,
RL,Land Use,009,Oceania,5110,Area,6610,Agricultural land,1961,1961,1000 ha,489056.2745,E,Estimated value,
RL,Land Use,009,Oceania,5110,Area,6610,Agricultural land,1962,1962,1000 ha,491259.8615,E,Estimated value,
RL,Land Use,009,Oceania,5110,Area,6610,Agricultural land,1963,1963,1000 ha,494087.5082,E,Estimated value,
RL,Land Use,009,Oceania,5110,Area,6610,Agricultural land,1964,1964,1000 ha,496679.7396,E,Estimated value,
RL,Land Use,009,Oceania,5110,Area,6610,Agricultural land,1965,1965,1000 ha,500980.221,E,Estimated value,
RL,Land Use,009,Oceania,5110,Area,6610,Agricultural land,1966,1966,1000 ha,501728.5557,E,Estimated value,
RL,Land Use,009,Oceania,5110,Area,6610,Agricultural land,1967,1967,1000 ha,504308.5939,E,Estimated value,
RL,Land Use,009,Oceania,5110,Area,6610,Agricultural land,1968,1968,1000 ha,528317.5911,E,Estimated value,
RL,Land Use,009,Oceania,5110,Area,6610,Agricultural land,1969,1969,1000 ha,525504.0489,E,Estimated value,
RL,Land Use,009,Oceania,5110,Area,6610,Agricultural land,1970,1970,1000 ha,508067.0285,E,Estimated value,
RL,Land Use,009,Oceania,5110,Area,6610,Agricultural land,1971,1971,1000 ha,514192.1967,E,Estimated value,
RL,Land Use,009,Oceania,5110,Area,6610,Agricultural land,1972,1972,1000 ha,514891.83,E,Estimated value,
RL,Land Use,009,Oceania,5110,Area,6610,Agricultural land,1973,1973,1000 ha,512994.68,E,Estimated value,
RL,Land Use,009,Oceania,5110,Area,6610,Agricultural land,1974,1974,1000 ha,515483.53,E,Estimated value,
RL,Land Use,009,Oceania,5110,Area,6610,Agricultural land,1975,1975,1000 ha,515173.53,E,Estimated value,
RL,Land Use,009,Oceania,5110,Area,6610,Agricultural land,1976,1976,1000 ha,516816.53,E,Estimated value,
RL,Land Use,009,Oceania,5110,Area,6610,Agricultural land,1977,1977,1000 ha,507533.23,E,Estimated value,
RL,Land Use,009,Oceania,5110,Area,6610,Agricultural land,1978,1978,1000 ha,512380.73,E,Estimated value,
RL,Land Use,009,Oceania,5110,Area,6610,Agricultural land,1979,1979,1000 ha,509483.33,E,Estimated value,
RL,Land Use,009,Oceania,5110,Area,6610,Agricultural land,1980,1980,1000 ha,512042.83,E,Estimated value,
RL,Land Use,009,Oceania,5110,Area,6610,Agricultural land,1981,1981,1000 ha,512590.33,E,Estimated value,
RL,Land Use,009,Oceania,5110,Area,6610,Agricultural land,1982,1982,1000 ha,507242.83,E,Estimated value,
RL,Land Use,009,Oceania,5110,Area,6610,Agricultural land,1983,1983,1000 ha,500248.93,E,Estimated value,
RL,Land Use,009,Oceania,5110,Area,6610,Agricultural land,1984,1984,1000 ha,502936.83,E,Estimated value,
RL,Land Use,009,Oceania,5110,Area,6610,Agricultural land,1985,1985,1000 ha,503115.93,E,Estimated value,
RL,Land Use,009,Oceania,5110,Area,6610,Agricultural land,1986,1986,1000 ha,484891.33,E,Estimated value,
RL,Land Use,009,Oceania,5110,Area,6610,Agricultural land,1987,1987,1000 ha,487262.63,E,Estimated value,
RL,Land Use,009,Oceania,5110,Area,6610,Agricultural land,1988,1988,1000 ha,488246.93,E,Estimated value,
RL,Land Use,009,Oceania,5110,Area,6610,Agricultural land,1989,1989,1000 ha,483212.63,E,Estimated value,
RL,Land Use,009,Oceania,5110,Area,6610,Agricultural land,1990,1990,1000 ha,480389.89,E,Estimated value,
RL,Land Use,009,Oceania,5110,Area,6610,Agricultural land,1991,1991,1000 ha,478582.6473,E,Estimated value,
RL,Land Use,009,Oceania,5110,Area,6610,Agricultural land,1992,1992,1000 ha,481653.5519,E,Estimated value,
RL,Land Use,009,Oceania,5110,Area,6610,Agricultural land,1993,1993,1000 ha,475612.0665,E,Estimated value,
RL,Land Use,009,Oceania,5110,Area,6610,Agricultural land,1994,1994,1000 ha,484503.5579,E,Estimated value,
RL,Land Use,009,Oceania,5110,Area,6610,Agricultural land,1995,1995,1000 ha,478610.0648,E,Estimated value,
RL,Land Use,009,Oceania,5110,Area,6610,Agricultural land,1996,1996,1000 ha,480314.4655,E,Estimated value,
RL,Land Use,009,Oceania,5110,Area,6610,Agricultural land,1997,1997,1000 ha,477162.9297,E,Estimated value,
RL,Land Use,009,Oceania,5110,Area,6610,Agricultural land,1998,1998,1000 ha,478691.4017,E,Estimated value,
RL,Land Use,009,Oceania,5110,Area,6610,Agricultural land,1999,1999,1000 ha,468362.6809,E,Estimated value,
RL,Land Use,009,Oceania,5110,Area,6610,Agricultural land,2000,2000,1000 ha,469982.3824,E,Estimated value,
RL,Land Use,009,Oceania,5110,Area,6610,Agricultural land,2001,2001,1000 ha,470060.5813,E,Estimated value,
RL,Land Use,009,Oceania,5110,Area,6610,Agricultural land,2002,2002,1000 ha,461212.0345,E,Estimated value,
RL,Land Use,009,Oceania,5110,Area,6610,Agricultural land,2003,2003,1000 ha,453541.86,E,Estimated value,
RL,Land Use,009,Oceania,5110,Area,6610,Agricultural land,2004,2004,1000 ha,408981.99,B,Time series break,
RL,Land Use,009,Oceania,5110,Area,6610,Agricultural land,2005,2005,1000 ha,424133.62,E,Estimated value,
RL,Land Use,009,Oceania,5110,Area,6610,Agricultural land,2006,2006,1000 ha,422880.45,E,Estimated value,
RL,Land Use,009,Oceania,5110,Area,6610,Agricultural land,2007,2007,1000 ha,412093.68,E,Estimated value,
RL,Land Use,009,Oceania,5110,Area,6610,Agricultural land,2008,2008,1000 ha,402934.31,E,Estimated value,
RL,Land Use,009,Oceania,5110,Area,6610,Agricultural land,2009,2009,1000 ha,398030.54,E,Estimated value,
RL,Land Use,009,Oceania,5110,Area,6610,Agricultural land,2010,2010,1000 ha,390068.37,E,Estimated value,
RL,Land Use,009,Oceania,5110,Area,6610,Agricultural land,2011,2011,1000 ha,409800.8,E,Estimated value,
RL,Land Use,009,Oceania,5110,Area,6610,Agricultural land,2012,2012,1000 ha,400595.764,E,Estimated value,
RL,Land Use,009,Oceania,5110,Area,6610,Agricultural land,2013,2013,1000 ha,385196.39,E,Estimated value,
RL,Land Use,009,Oceania,5110,Area,6610,Agricultural land,2014,2014,1000 ha,387881.72,E,Estimated value,
RL,Land Use,009,Oceania,5110,Area,6610,Agricultural land,2015,2015,1000 ha,361199.97,E,Estimated value,
RL,Land Use,009,Oceania,5110,Area,6610,Agricultural land,2016,2016,1000 ha,355584.49,E,Estimated value,
RL,Land Use,009,Oceania,5110,Area,6610,Agricultural land,2017,2017,1000 ha,384923.01,E,Estimated value,
RL,Land Use,009,Oceania,5110,Area,6610,Agricultural land,2018,2018,1000 ha,371826.35,E,Estimated value,
RL,Land Use,009,Oceania,5110,Area,6610,Agricultural land,2019,2019,1000 ha,375248.92,E,Estimated value,
RL,Land Use,009,Oceania,5110,Area,6610,Agricultural land,2020,2020,1000 ha,368355.75,E,Estimated value,
RL,Land Use,009,Oceania,5110,Area,6610,Agricultural land,2021,2021,1000 ha,376120.78,E,Estimated value,
RL,Land Use,009,Oceania,5110,Area,6610,Agricultural land,2022,2022,1000 ha,375692.78,E,Estimated value,
RL,Land Use,009,Oceania,5110,Area,6646,Forest land,1990,1990,1000 ha,184974.31,E,Estimated value,
RL,Land Use,009,Oceania,5110,Area,6646,Forest land,1991,1991,1000 ha,184809.7236,E,Estimated value,
RL,Land Use,009,Oceania,5110,Area,6646,Forest land,1992,1992,1000 ha,184645.1372,E,Estimated value,
RL,Land Use,009,Oceania,5110,Area,6646,Forest land,1993,1993,1000 ha,184480.5509,E,Estimated value,
RL,Land Use,009,Oceania,5110,Area,6646,Forest land,1994,1994,1000 ha,184315.9645,E,Estimated value,
RL,Land Use,009,Oceania,5110,Area,6646,Forest land,1995,1995,1000 ha,184151.3781,E,Estimated value,
RL,Land Use,009,Oceania,5110,Area,6646,Forest land,1996,1996,1000 ha,183986.7918,E,Estimated value,
RL,Land Use,009,Oceania,5110,Area,6646,Forest land,1997,1997,1000 ha,183822.2054,E,Estimated value,
RL,Land Use,009,Oceania,5110,Area,6646,Forest land,1998,1998,1000 ha,183657.619,E,Estimated value,
RL,Land Use,009,Oceania,5110,Area,6646,Forest land,1999,1999,1000 ha,183493.0326,E,Estimated value,
RL,Land Use,009,Oceania,5110,Area,6646,Forest land,2000,2000,1000 ha,183328.4463,A,Official figure,
RL,Land Use,009,Oceania,5110,Area,6646,Forest land,2001,2001,1000 ha,183097.1052,E,Estimated value,
RL,Land Use,009,Oceania,5110,Area,6646,Forest land,2002,2002,1000 ha,182865.7641,E,Estimated value,
RL,Land Use,009,Oceania,5110,Area,6646,Forest land,2003,2003,1000 ha,182634.423,E,Estimated value,
RL,Land Use,009,Oceania,5110,Area,6646,Forest land,2004,2004,1000 ha,182403.0819,E,Estimated value,
RL,Land Use,009,Oceania,5110,Area,6646,Forest land,2005,2005,1000 ha,182171.7408,E,Estimated value,
RL,Land Use,009,Oceania,5110,Area,6646,Forest land,2006,2006,1000 ha,181940.3997,E,Estimated value,
RL,Land Use,009,Oceania,5110,Area,6646,Forest land,2007,2007,1000 ha,181709.0586,E,Estimated value,
RL,Land Use,009,Oceania,5110,Area,6646,Forest land,2008,2008,1000 ha,181477.7175,E,Estimated value,
RL,Land Use,009,Oceania,5110,Area,6646,Forest land,2009,2009,1000 ha,181246.3764,E,Estimated value,
RL,Land Use,009,Oceania,5110,Area,6646,Forest land,2010,2010,1000 ha,181015.0353,A,Official figure,
RL,Land Use,009,Oceania,5110,Area,6646,Forest land,2011,2011,1000 ha,181699.0104,E,Estimated value,
RL,Land Use,009,Oceania,5110,Area,6646,Forest land,2012,2012,1000 ha,182382.9855,E,Estimated value,
RL,Land Use,009,Oceania,5110,Area,6646,Forest land,2013,2013,1000 ha,183066.9606,E,Estimated value,
RL,Land Use,009,Oceania,5110,Area,6646,Forest land,2014,2014,1000 ha,183750.9358,E,Estimated value,
RL,Land Use,009,Oceania,5110,Area,6646,Forest land,2015,2015,1000 ha,184434.9109,A,Official figure,
RL,Land Use,009,Oceania,5110,Area,6646,Forest land,2016,2016,1000 ha,185346.55,A,Official figure,
RL,Land Use,009,Oceania,5110,Area,6646,Forest land,2017,2017,1000 ha,185302.78,A,Official figure,
RL,Land Use,009,Oceania,5110,Area,6646,Forest land,2018,2018,1000 ha,185266.72,A,Official figure,
RL,Land Use,009,Oceania,5110,Area,6646,Forest land,2019,2019,1000 ha,185249.02,A,Official figure,
RL,Land Use,009,Oceania,5110,Area,6646,Forest land,2020,2020,1000 ha,185248.02,A,Official figure,
RL,Land Use,009,Oceania,5110,Area,6646,Forest land,2021,2021,1000 ha,185235.8867,E,Estimated value,
RL,Land Use,009,Oceania,5110,Area,6646,Forest land,2022,2022,1000 ha,185231.1756,E,Estimated value,