,Year,State,State ANSI,Data Item,Value
0,2021,ALABAMA,1.0,"AG LAND, CROPLAND - ASSET VALUE, MEASURED IN $ / ACRE",3550.0
1,2021,ARIZONA,4.0,"AG LAND, CROPLAND - ASSET VALUE, MEASURED IN $ / ACRE",7700.0
2,2021,ARKANSAS,5.0,"AG LAND, CROPLAND - ASSET VALUE, MEASURED IN $ / ACRE",2930.0
3,2021,CALIFORNIA,6.0,"AG LAND, CROPLAND - ASSET VALUE, MEASURED IN $ / ACRE",13860.0
4,2021,COLORADO,8.0,"AG LAND, CROPLAND - ASSET VALUE, MEASURED IN $ / ACRE",2240.0
5,2021,DELAWARE,10.0,"AG LAND, CROPLAND - ASSET VALUE, MEASURED IN $ / ACRE",8600.0
6,2021,FLORIDA,12.0,"AG LAND, CROPLAND - ASSET VALUE, MEASURED IN $ / ACRE",7300.0
7,2021,GEORGIA,13.0,"AG LAND, CROPLAND - ASSET VALUE, MEASURED IN $ / ACRE",3480.0
8,2021,IDAHO,16.0,"AG LAND, CROPLAND - ASSET VALUE, MEASURED IN $ / ACRE",4450.0
9,2021,ILLINOIS,17.0,"AG LAND, CROPLAND - ASSET VALUE, MEASURED IN $ / ACRE",7900.0
10,2021,INDIANA,18.0,"AG LAND, CROPLAND - ASSET VALUE, MEASURED IN $ / ACRE",6800.0
11,2021,IOWA,19.0,"AG LAND, CROPLAND - ASSET VALUE, MEASURED IN $ / ACRE",7810.0
12,2021,KANSAS,20.0,"AG LAND, CROPLAND - ASSET VALUE, MEASURED IN $ / ACRE",2370.0
13,2021,KENTUCKY,21.0,"AG LAND, CROPLAND - ASSET VALUE, MEASURED IN $ / ACRE",4510.0
14,2021,LOUISIANA,22.0,"AG LAND, CROPLAND - ASSET VALUE, MEASURED IN $ / ACRE",2980.0
15,2021,MARYLAND,24.0,"AG LAND, CROPLAND - ASSET VALUE, MEASURED IN $ / ACRE",7960.0
16,2021,MICHIGAN,26.0,"AG LAND, CROPLAND - ASSET VALUE, MEASURED IN $ / ACRE",4700.0
17,2021,MINNESOTA,27.0,"AG LAND, CROPLAND - ASSET VALUE, MEASURED IN $ / ACRE",5270.0
18,2021,MISSISSIPPI,28.0,"AG LAND, CROPLAND - ASSET VALUE, MEASURED IN $ / ACRE",3150.0
19,2021,MISSOURI,29.0,"AG LAND, CROPLAND - ASSET VALUE, MEASURED IN $ / ACRE",3810.0
20,2021,MONTANA,30.0,"AG LAND, CROPLAND - ASSET VALUE, MEASURED IN $ / ACRE",1050.0
21,2021,NEBRASKA,31.0,"AG LAND, CROPLAND - ASSET VALUE, MEASURED IN $ / ACRE",4960.0
22,2021,NEW JERSEY,34.0,"AG LAND, CROPLAND - ASSET VALUE, MEASURED IN $ / ACRE",14800.0
23,2021,NEW MEXICO,35.0,"AG LAND, CROPLAND - ASSET VALUE, MEASURED IN $ / ACRE",1660.0
24,2021,NEW YORK,36.0,"AG LAND, CROPLAND - ASSET VALUE, MEASURED IN $ / ACRE",2910.0
25,2021,NORTH CAROLINA,37.0,"AG LAND, CROPLAND - ASSET VALUE, MEASURED IN $ / ACRE",4290.0
26,2021,NORTH DAKOTA,38.0,"AG LAND, CROPLAND - ASSET VALUE, MEASURED IN $ / ACRE",2060.0
27,2021,OHIO,39.0,"AG LAND, CROPLAND - ASSET VALUE, MEASURED IN $ / ACRE",6800.0
28,2021,OKLAHOMA,40.0,"AG LAND, CROPLAND - ASSET VALUE, MEASURED IN $ / ACRE",1810.0
29,2021,OREGON,41.0,"AG LAND, CROPLAND - ASSET VALUE, MEASURED IN $ / ACRE",3310.0
30,2021,OTHER STATES,,"AG LAND, CROPLAND - ASSET VALUE, MEASURED IN $ / ACRE",8770.0
31,2021,PENNSYLVANIA,42.0,"AG LAND, CROPLAND - ASSET VALUE, MEASURED IN $ / ACRE",7600.0
32,2021,SOUTH CAROLINA,45.0,"AG LAND, CROPLAND - ASSET VALUE, MEASURED IN $ / ACRE",2900.0
33,2021,SOUTH DAKOTA,46.0,"AG LAND, CROPLAND - ASSET VALUE, MEASURED IN $ / ACRE",3390.0
34,2021,TENNESSEE,47.0,"AG LAND, CROPLAND - ASSET VALUE, MEASURED IN $ / ACRE",4130.0
35,2021,TEXAS,48.0,"AG LAND, CROPLAND - ASSET VALUE, MEASURED IN $ / ACRE",2150.0
36,2021,UTAH,49.0,"AG LAND, CROPLAND - ASSET VALUE, MEASURED IN $ / ACRE",4190.0
37,2021,VIRGINIA,51.0,"AG LAND, CROPLAND - ASSET VALUE, MEASURED IN $ / ACRE",4790.0
38,2021,WASHINGTON,53.0,"AG LAND, CROPLAND - ASSET VALUE, MEASURED IN $ / ACRE",2700.0
39,2021,WEST VIRGINIA,54.0,"AG LAND, CROPLAND - ASSET VALUE, MEASURED IN $ / ACRE",3330.0
40,2021,WISCONSIN,55.0,"AG LAND, CROPLAND - ASSET VALUE, MEASURED IN $ / ACRE",5280.0
41,2021,WYOMING,56.0,"AG LAND, CROPLAND - ASSET VALUE, MEASURED IN $ / ACRE",1600.0
42,2020,ALABAMA,1.0,"AG LAND, CROPLAND - ASSET VALUE, MEASURED IN $ / ACRE",3500.0
43,2020,ARIZONA,4.0,"AG LAND, CROPLAND - ASSET VALUE, MEASURED IN $ / ACRE",7650.0
44,2020,ARKANSAS,5.0,"AG LAND, CROPLAND - ASSET VALUE, MEASURED IN $ / ACRE",2880.0
45,2020,CALIFORNIA,6.0,"AG LAND, CROPLAND - ASSET VALUE, MEASURED IN $ / ACRE",12900.0
46,2020,COLORADO,8.0,"AG LAND, CROPLAND - ASSET VALUE, MEASURED IN $ / ACRE",2200.0
47,2020,DELAWARE,10.0,"AG LAND, CROPLAND - ASSET VALUE, MEASURED IN $ / ACRE",8600.0
48,2020,FLORIDA,12.0,"AG LAND, CROPLAND - ASSET VALUE, MEASURED IN $ / ACRE",7190.0
49,2020,GEORGIA,13.0,"AG LAND, CROPLAND - ASSET VALUE, MEASURED IN $ / ACRE",3320.0
50,2020,IDAHO,16.0,"AG LAND, CROPLAND - ASSET VALUE, MEASURED IN $ / ACRE",4070.0
51,2020,ILLINOIS,17.0,"AG LAND, CROPLAND - ASSET VALUE, MEASURED IN $ / ACRE",7300.0
52,2020,INDIANA,18.0,"AG LAND, CROPLAND - ASSET VALUE, MEASURED IN $ / ACRE",6210.0
53,2020,IOWA,19.0,"AG LAND, CROPLAND - ASSET VALUE, MEASURED IN $ / ACRE",7170.0
54,2020,KANSAS,20.0,"AG LAND, CROPLAND - ASSET VALUE, MEASURED IN $ / ACRE",2080.0
55,2020,KENTUCKY,21.0,"AG LAND, CROPLAND - ASSET VALUE, MEASURED IN $ / ACRE",4400.0
56,2020,LOUISIANA,22.0,"AG LAND, CROPLAND - ASSET VALUE, MEASURED IN $ / ACRE",2930.0
57,2020,MARYLAND,24.0,"AG LAND, CROPLAND - ASSET VALUE, MEASURED IN $ / ACRE",7380.0
58,2020,MICHIGAN,26.0,"AG LAND, CROPLAND - ASSET VALUE, MEASURED IN $ / ACRE",4480.0
59,2020,MINNESOTA,27.0,"AG LAND, CROPLAND - ASSET VALUE, MEASURED IN $ / ACRE",4800.0
60,2020,MISSISSIPPI,28.0,"AG LAND, CROPLAND - ASSET VALUE, MEASURED IN $ / ACRE",3100.0
61,2020,MISSOURI,29.0,"AG LAND, CROPLAND - ASSET VALUE, MEASURED IN $ / ACRE",3530.0
62,2020,MONTANA,30.0,"AG LAND, CROPLAND - ASSET VALUE, MEASURED IN $ / ACRE",1030.0
63,2020,NEBRASKA,31.0,"AG LAND, CROPLAND - ASSET VALUE, MEASURED IN $ / ACRE",4360.0
64,2020,NEW JERSEY,34.0,"AG LAND, CROPLAND - ASSET VALUE, MEASURED IN $ / ACRE",13800.0
65,2020,NEW MEXICO,35.0,"AG LAND, CROPLAND - ASSET VALUE, MEASURED IN $ / ACRE",1600.0
66,2020,NEW YORK,36.0,"AG LAND, CROPLAND - ASSET VALUE, MEASURED IN $ / ACRE",2800.0
67,2020,NORTH CAROLINA,37.0,"AG LAND, CROPLAND - ASSET VALUE, MEASURED IN $ / ACRE",4180.0
68,2020,NORTH DAKOTA,38.0,"AG LAND, CROPLAND - ASSET VALUE, MEASURED IN $ / ACRE",1930.0
69,2020,OHIO,39.0,"AG LAND, CROPLAND - ASSET VALUE, MEASURED IN $ / ACRE",6460.0
70,2020,OKLAHOMA,40.0,"AG LAND, CROPLAND - ASSET VALUE, MEASURED IN $ / ACRE",1690.0
71,2020,OREGON,41.0,"AG LAND, CROPLAND - ASSET VALUE, MEASURED IN $ / ACRE",3120.0
72,2020,OTHER STATES,,"AG LAND, CROPLAND - ASSET VALUE, MEASURED IN $ / ACRE",7900.0
73,2020,PENNSYLVANIA,42.0,"AG LAND, CROPLAND - ASSET VALUE, MEASURED IN $ / ACRE",7100.0
74,2020,SOUTH CAROLINA,45.0,"AG LAND, CROPLAND - ASSET VALUE, MEASURED IN $ / ACRE",2830.0
75,2020,SOUTH DAKOTA,46.0,"AG LAND, CROPLAND - ASSET VALUE, MEASURED IN $ / ACRE",3030.0
76,2020,TENNESSEE,47.0,"AG LAND, CROPLAND - ASSET VALUE, MEASURED IN $ / ACRE",3990.0
77,2020,TEXAS,48.0,"AG LAND, CROPLAND - ASSET VALUE, MEASURED IN $ / ACRE",2030.0
78,2020,UTAH,49.0,"AG LAND, CROPLAND - ASSET VALUE, MEASURED IN $ / ACRE",4040.0
79,2020,VIRGINIA,51.0,"AG LAND, CROPLAND - ASSET VALUE, MEASURED IN $ / ACRE",4680.0
80,2020,WASHINGTON,53.0,"AG LAND, CROPLAND - ASSET VALUE, MEASURED IN $ / ACRE",2610.0
81,2020,WEST VIRGINIA,54.0,"AG LAND, CROPLAND - ASSET VALUE, MEASURED IN $ / ACRE",3270.0
82,2020,WISCONSIN,55.0,"AG LAND, CROPLAND - ASSET VALUE, MEASURED IN $ / ACRE",4770.0
83,2020,WYOMING,56.0,"AG LAND, CROPLAND - ASSET VALUE, MEASURED IN $ / ACRE",1540.0
84,2019,ALABAMA,1.0,"AG LAND, CROPLAND - ASSET VALUE, MEASURED IN $ / ACRE",3430.0
85,2019,ARIZONA,4.0,"AG LAND, CROPLAND - ASSET VALUE, MEASURED IN $ / ACRE",7600.0
86,2019,ARKANSAS,5.0,"AG LAND, CROPLAND - ASSET VALUE, MEASURED IN $ / ACRE",2850.0
87,2019,CALIFORNIA,6.0,"AG LAND, CROPLAND - ASSET VALUE, MEASURED IN $ / ACRE",12830.0
88,2019,COLORADO,8.0,"AG LAND, CROPLAND - ASSET VALUE, MEASURED IN $ / ACRE",2160.0
89,2019,DELAWARE,10.0,"AG LAND, CROPLAND - ASSET VALUE, MEASURED IN $ / ACRE",8600.0
90,2019,FLORIDA,12.0,"AG LAND, CROPLAND - ASSET VALUE, MEASURED IN $ / ACRE",7190.0
91,2019,GEORGIA,13.0,"AG LAND, CROPLAND - ASSET VALUE, MEASURED IN $ / ACRE",3210.0
92,2019,IDAHO,16.0,"AG LAND, CROPLAND - ASSET VALUE, MEASURED IN $ / ACRE",3930.0
93,2019,ILLINOIS,17.0,"AG LAND, CROPLAND - ASSET VALUE, MEASURED IN $ / ACRE",7300.0
94,2019,INDIANA,18.0,"AG LAND, CROPLAND - ASSET VALUE, MEASURED IN $ / ACRE",6210.0
95,2019,IOWA,19.0,"AG LAND, CROPLAND - ASSET VALUE, MEASURED IN $ / ACRE",7260.0
96,2019,KANSAS,20.0,"AG LAND, CROPLAND - ASSET VALUE, MEASURED IN $ / ACRE",2160.0
97,2019,KENTUCKY,21.0,"AG LAND, CROPLAND - ASSET VALUE, MEASURED IN $ / ACRE",4300.0
98,2019,LOUISIANA,22.0,"AG LAND, CROPLAND - ASSET VALUE, MEASURED IN $ / ACRE",2880.0
99,2019,MARYLAND,24.0,"AG LAND, CROPLAND - ASSET VALUE, MEASURED IN $ / ACRE",7370.0
100,2019,MICHIGAN,26.0,"AG LAND, CROPLAND - ASSET VALUE, MEASURED IN $ / ACRE",4500.0
101,2019,MINNESOTA,27.0,"AG LAND, CROPLAND - ASSET VALUE, MEASURED IN $ / ACRE",4810.0
102,2019,MISSISSIPPI,28.0,"AG LAND, CROPLAND - ASSET VALUE, MEASURED IN $ / ACRE",3080.0
103,2019,MISSOURI,29.0,"AG LAND, CROPLAND - ASSET VALUE, MEASURED IN $ / ACRE",3490.0
104,2019,MONTANA,30.0,"AG LAND, CROPLAND - ASSET VALUE, MEASURED IN $ / ACRE",1040.0
105,2019,NEBRASKA,31.0,"AG LAND, CROPLAND - ASSET VALUE, MEASURED IN $ / ACRE",4390.0
106,2019,NEW JERSEY,34.0,"AG LAND, CROPLAND - ASSET VALUE, MEASURED IN $ / ACRE",13700.0
107,2019,NEW MEXICO,35.0,"AG LAND, CROPLAND - ASSET VALUE, MEASURED IN $ / ACRE",1550.0
108,2019,NEW YORK,36.0,"AG LAND, CROPLAND - ASSET VALUE, MEASURED IN $ / ACRE",2810.0
109,2019,NORTH CAROLINA,37.0,"AG LAND, CROPLAND - ASSET VALUE, MEASURED IN $ / ACRE",4180.0
110,2019,NORTH DAKOTA,38.0,"AG LAND, CROPLAND - ASSET VALUE, MEASURED IN $ / ACRE",1920.0
111,2019,OHIO,39.0,"AG LAND, CROPLAND - ASSET VALUE, MEASURED IN $ / ACRE",6400.0
112,2019,OKLAHOMA,40.0,"AG LAND, CROPLAND - ASSET VALUE, MEASURED IN $ / ACRE",1670.0
113,2019,OREGON,41.0,"AG LAND, CROPLAND - ASSET VALUE, MEASURED IN $ / ACRE",3080.0
114,2019,OTHER STATES,,"AG LAND, CROPLAND - ASSET VALUE, MEASURED IN $ / ACRE",7900.0
115,2019,PENNSYLVANIA,42.0,"AG LAND, CROPLAND - ASSET VALUE, MEASURED IN $ / ACRE",7030.0
116,2019,SOUTH CAROLINA,45.0,"AG LAND, CROPLAND - ASSET VALUE, MEASURED IN $ / ACRE",2830.0
117,2019,SOUTH DAKOTA,46.0,"AG LAND, CROPLAND - ASSET VALUE, MEASURED IN $ / ACRE",3130.0
118,2019,TENNESSEE,47.0,"AG LAND, CROPLAND - ASSET VALUE, MEASURED IN $ / ACRE",3910.0
119,2019,TEXAS,48.0,"AG LAND, CROPLAND - ASSET VALUE, MEASURED IN $ / ACRE",1930.0
120,2019,UTAH,49.0,"AG LAND, CROPLAND - ASSET VALUE, MEASURED IN $ / ACRE",3970.0
121,2019,VIRGINIA,51.0,"AG LAND, CROPLAND - ASSET VALUE, MEASURED IN $ / ACRE",4720.0
122,2019,WASHINGTON,53.0,"AG LAND, CROPLAND - ASSET VALUE, MEASURED IN $ / ACRE",2630.0
123,2019,WEST VIRGINIA,54.0,"AG LAND, CROPLAND - ASSET VALUE, MEASURED IN $ / ACRE",3280.0
124,2019,WISCONSIN,55.0,"AG LAND, CROPLAND - ASSET VALUE, MEASURED IN $ / ACRE",4850.0
125,2019,WYOMING,56.0,"AG LAND, CROPLAND - ASSET VALUE, MEASURED IN $ / ACRE",1520.0
126,2018,ALABAMA,1.0,"AG LAND, CROPLAND - ASSET VALUE, MEASURED IN $ / ACRE",3300.0
127,2018,ARIZONA,4.0,"AG LAND, CROPLAND - ASSET VALUE, MEASURED IN $ / ACRE",7610.0
128,2018,ARKANSAS,5.0,"AG LAND, CROPLAND - ASSET VALUE, MEASURED IN $ / ACRE",2780.0
129,2018,CALIFORNIA,6.0,"AG LAND, CROPLAND - ASSET VALUE, MEASURED IN $ / ACRE",12170.0
130,2018,COLORADO,8.0,"AG LAND, CROPLAND - ASSET VALUE, MEASURED IN $ / ACRE",2100.0
131,2018,DELAWARE,10.0,"AG LAND, CROPLAND - ASSET VALUE, MEASURED IN $ / ACRE",8120.0
132,2018,FLORIDA,12.0,"AG LAND, CROPLAND - ASSET VALUE, MEASURED IN $ / ACRE",7040.0
133,2018,GEORGIA,13.0,"AG LAND, CROPLAND - ASSET VALUE, MEASURED IN $ / ACRE",3430.0
134,2018,IDAHO,16.0,"AG LAND, CROPLAND - ASSET VALUE, MEASURED IN $ / ACRE",3740.0
135,2018,ILLINOIS,17.0,"AG LAND, CROPLAND - ASSET VALUE, MEASURED IN $ / ACRE",7280.0
136,2018,INDIANA,18.0,"AG LAND, CROPLAND - ASSET VALUE, MEASURED IN $ / ACRE",6210.0
137,2018,IOWA,19.0,"AG LAND, CROPLAND - ASSET VALUE, MEASURED IN $ / ACRE",7290.0
138,2018,KANSAS,20.0,"AG LAND, CROPLAND - ASSET VALUE, MEASURED IN $ / ACRE",2060.0
139,2018,KENTUCKY,21.0,"AG LAND, CROPLAND - ASSET VALUE, MEASURED IN $ / ACRE",4250.0
140,2018,LOUISIANA,22.0,"AG LAND, CROPLAND - ASSET VALUE, MEASURED IN $ / ACRE",2790.0
141,2018,MARYLAND,24.0,"AG LAND, CROPLAND - ASSET VALUE, MEASURED IN $ / ACRE",7280.0
142,2018,MICHIGAN,26.0,"AG LAND, CROPLAND - ASSET VALUE, MEASURED IN $ / ACRE",4510.0
143,2018,MINNESOTA,27.0,"AG LAND, CROPLAND - ASSET VALUE, MEASURED IN $ / ACRE",4950.0
144,2018,MISSISSIPPI,28.0,"AG LAND, CROPLAND - ASSET VALUE, MEASURED IN $ / ACRE",3000.0
145,2018,MISSOURI,29.0,"AG LAND, CROPLAND - ASSET VALUE, MEASURED IN $ / ACRE",3490.0
146,2018,MONTANA,30.0,"AG LAND, CROPLAND - ASSET VALUE, MEASURED IN $ / ACRE",1020.0
147,2018,NEBRASKA,31.0,"AG LAND, CROPLAND - ASSET VALUE, MEASURED IN $ / ACRE",4380.0
148,2018,NEW JERSEY,34.0,"AG LAND, CROPLAND - ASSET VALUE, MEASURED IN $ / ACRE",13700.0
149,2018,NEW MEXICO,35.0,"AG LAND, CROPLAND - ASSET VALUE, MEASURED IN $ / ACRE",1580.0
150,2018,NEW YORK,36.0,"AG LAND, CROPLAND - ASSET VALUE, MEASURED IN $ / ACRE",2800.0
151,2018,NORTH CAROLINA,37.0,"AG LAND, CROPLAND - ASSET VALUE, MEASURED IN $ / ACRE",4130.0
152,2018,NORTH DAKOTA,38.0,"AG LAND, CROPLAND - ASSET VALUE, MEASURED IN $ / ACRE",1870.0
153,2018,OHIO,39.0,"AG LAND, CROPLAND - ASSET VALUE, MEASURED IN $ / ACRE",6320.0
154,2018,OKLAHOMA,40.0,"AG LAND, CROPLAND - ASSET VALUE, MEASURED IN $ / ACRE",1630.0
155,2018,OREGON,41.0,"AG LAND, CROPLAND - ASSET VALUE, MEASURED IN $ / ACRE",3000.0
156,2018,OTHER STATES,,"AG LAND, CROPLAND - ASSET VALUE, MEASURED IN $ / ACRE",7650.0
157,2018,PENNSYLVANIA,42.0,"AG LAND, CROPLAND - ASSET VALUE, MEASURED IN $ / ACRE",6890.0
158,2018,SOUTH CAROLINA,45.0,"AG LAND, CROPLAND - ASSET VALUE, MEASURED IN $ / ACRE",2790.0
159,2018,SOUTH DAKOTA,46.0,"AG LAND, CROPLAND - ASSET VALUE, MEASURED IN $ / ACRE",3120.0
160,2018,TENNESSEE,47.0,"AG LAND, CROPLAND - ASSET VALUE, MEASURED IN $ / ACRE",3830.0
161,2018,TEXAS,48.0,"AG LAND, CROPLAND - ASSET VALUE, MEASURED IN $ / ACRE",1890.0
162,2018,UTAH,49.0,"AG LAND, CROPLAND - ASSET VALUE, MEASURED IN $ / ACRE",3830.0
163,2018,VIRGINIA,51.0,"AG LAND, CROPLAND - ASSET VALUE, MEASURED IN $ / ACRE",4760.0
164,2018,WASHINGTON,53.0,"AG LAND, CROPLAND - ASSET VALUE, MEASURED IN $ / ACRE",2630.0
165,2018,WEST VIRGINIA,54.0,"AG LAND, CROPLAND - ASSET VALUE, MEASURED IN $ / ACRE",3250.0
166,2018,WISCONSIN,55.0,"AG LAND, CROPLAND - ASSET VALUE, MEASURED IN $ / ACRE",4740.0
167,2018,WYOMING,56.0,"AG LAND, CROPLAND - ASSET VALUE, MEASURED IN $ / ACRE",1490.0
168,2017,ALABAMA,1.0,"AG LAND, CROPLAND - ASSET VALUE, MEASURED IN $ / ACRE",3170.0
169,2017,ARIZONA,4.0,"AG LAND, CROPLAND - ASSET VALUE, MEASURED IN $ / ACRE",7720.0
170,2017,ARKANSAS,5.0,"AG LAND, CROPLAND - ASSET VALUE, MEASURED IN $ / ACRE",2730.0
171,2017,CALIFORNIA,6.0,"AG LAND, CROPLAND - ASSET VALUE, MEASURED IN $ / ACRE",11630.0
172,2017,COLORADO,8.0,"AG LAND, CROPLAND - ASSET VALUE, MEASURED IN $ / ACRE",2070.0
173,2017,DELAWARE,10.0,"AG LAND, CROPLAND - ASSET VALUE, MEASURED IN $ / ACRE",7960.0
174,2017,FLORIDA,12.0,"AG LAND, CROPLAND - ASSET VALUE, MEASURED IN $ / ACRE",6940.0
175,2017,GEORGIA,13.0,"AG LAND, CROPLAND - ASSET VALUE, MEASURED IN $ / ACRE",3430.0
176,2017,IDAHO,16.0,"AG LAND, CROPLAND - ASSET VALUE, MEASURED IN $ / ACRE",3570.0
177,2017,ILLINOIS,17.0,"AG LAND, CROPLAND - ASSET VALUE, MEASURED IN $ / ACRE",7210.0
178,2017,INDIANA,18.0,"AG LAND, CROPLAND - ASSET VALUE, MEASURED IN $ / ACRE",6300.0
179,2017,IOWA,19.0,"AG LAND, CROPLAND - ASSET VALUE, MEASURED IN $ / ACRE",7440.0
180,2017,KANSAS,20.0,"AG LAND, CROPLAND - ASSET VALUE, MEASURED IN $ / ACRE",2010.0
181,2017,KENTUCKY,21.0,"AG LAND, CROPLAND - ASSET VALUE, MEASURED IN $ / ACRE",4140.0
182,2017,LOUISIANA,22.0,"AG LAND, CROPLAND - ASSET VALUE, MEASURED IN $ / ACRE",2700.0
183,2017,MARYLAND,24.0,"AG LAND, CROPLAND - ASSET VALUE, MEASURED IN $ / ACRE",7050.0
184,2017,MICHIGAN,26.0,"AG LAND, CROPLAND - ASSET VALUE, MEASURED IN $ / ACRE",4580.0
185,2017,MINNESOTA,27.0,"AG LAND, CROPLAND - ASSET VALUE, MEASURED IN $ / ACRE",4920.0
186,2017,MISSISSIPPI,28.0,"AG LAND, CROPLAND - ASSET VALUE, MEASURED IN $ / ACRE",2900.0
187,2017,MISSOURI,29.0,"AG LAND, CROPLAND - ASSET VALUE, MEASURED IN $ / ACRE",3560.0
188,2017,MONTANA,30.0,"AG LAND, CROPLAND - ASSET VALUE, MEASURED IN $ / ACRE",1010.0
189,2017,NEBRASKA,31.0,"AG LAND, CROPLAND - ASSET VALUE, MEASURED IN $ / ACRE",4430.0
190,2017,NEW JERSEY,34.0,"AG LAND, CROPLAND - ASSET VALUE, MEASURED IN $ / ACRE",13600.0
191,2017,NEW MEXICO,35.0,"AG LAND, CROPLAND - ASSET VALUE, MEASURED IN $ / ACRE",1560.0
192,2017,NEW YORK,36.0,"AG LAND, CROPLAND - ASSET VALUE, MEASURED IN $ / ACRE",2740.0
193,2017,NORTH CAROLINA,37.0,"AG LAND, CROPLAND - ASSET VALUE, MEASURED IN $ / ACRE",4090.0
194,2017,NORTH DAKOTA,38.0,"AG LAND, CROPLAND - ASSET VALUE, MEASURED IN $ / ACRE",1890.0
195,2017,OHIO,39.0,"AG LAND, CROPLAND - ASSET VALUE, MEASURED IN $ / ACRE",6150.0
196,2017,OKLAHOMA,40.0,"AG LAND, CROPLAND - ASSET VALUE, MEASURED IN $ / ACRE",1590.0
197,2017,OREGON,41.0,"AG LAND, CROPLAND - ASSET VALUE, MEASURED IN $ / ACRE",2920.0
198,2017,OTHER STATES,,"AG LAND, CROPLAND - ASSET VALUE, MEASURED IN $ / ACRE",7630.0
199,2017,PENNSYLVANIA,42.0,"AG LAND, CROPLAND - ASSET VALUE, MEASURED IN $ / ACRE",6470.0
200,2017,SOUTH CAROLINA,45.0,"AG LAND, CROPLAND - ASSET VALUE, MEASURED IN $ / ACRE",2700.0
201,2017,SOUTH DAKOTA,46.0,"AG LAND, CROPLAND - ASSET VALUE, MEASURED IN $ / ACRE",3200.0
202,2017,TENNESSEE,47.0,"AG LAND, CROPLAND - ASSET VALUE, MEASURED IN $ / ACRE",3730.0
203,2017,TEXAS,48.0,"AG LAND, CROPLAND - ASSET VALUE, MEASURED IN $ / ACRE",1850.0
204,2017,UTAH,49.0,"AG LAND, CROPLAND - ASSET VALUE, MEASURED IN $ / ACRE",3690.0
205,2017,VIRGINIA,51.0,"AG LAND, CROPLAND - ASSET VALUE, MEASURED IN $ / ACRE",4730.0
206,2017,WASHINGTON,53.0,"AG LAND, CROPLAND - ASSET VALUE, MEASURED IN $ / ACRE",2660.0
207,2017,WEST VIRGINIA,54.0,"AG LAND, CROPLAND - ASSET VALUE, MEASURED IN $ / ACRE",3250.0
208,2017,WISCONSIN,55.0,"AG LAND, CROPLAND - ASSET VALUE, MEASURED IN $ / ACRE",4870.0
209,2017,WYOMING,56.0,"AG LAND, CROPLAND - ASSET VALUE, MEASURED IN $ / ACRE",1460.0
210,2016,ALABAMA,1.0,"AG LAND, CROPLAND - ASSET VALUE, MEASURED IN $ / ACRE",3080.0
211,2016,ARIZONA,4.0,"AG LAND, CROPLAND - ASSET VALUE, MEASURED IN $ / ACRE",7800.0
212,2016,ARKANSAS,5.0,"AG LAND, CROPLAND - ASSET VALUE, MEASURED IN $ / ACRE",2660.0
213,2016,CALIFORNIA,6.0,"AG LAND, CROPLAND - ASSET VALUE, MEASURED IN $ / ACRE",11160.0
214,2016,COLORADO,8.0,"AG LAND, CROPLAND - ASSET VALUE, MEASURED IN $ / ACRE",2020.0
215,2016,DELAWARE,10.0,"AG LAND, CROPLAND - ASSET VALUE, MEASURED IN $ / ACRE",8090.0
216,2016,FLORIDA,12.0,"AG LAND, CROPLAND - ASSET VALUE, MEASURED IN $ / ACRE",6860.0
217,2016,GEORGIA,13.0,"AG LAND, CROPLAND - ASSET VALUE, MEASURED IN $ / ACRE",3420.0
218,2016,IDAHO,16.0,"AG LAND, CROPLAND - ASSET VALUE, MEASURED IN $ / ACRE",3420.0
219,2016,ILLINOIS,17.0,"AG LAND, CROPLAND - ASSET VALUE, MEASURED IN $ / ACRE",7350.0
220,2016,INDIANA,18.0,"AG LAND, CROPLAND - ASSET VALUE, MEASURED IN $ / ACRE",6690.0
221,2016,IOWA,19.0,"AG LAND, CROPLAND - ASSET VALUE, MEASURED IN $ / ACRE",7510.0
222,2016,KANSAS,20.0,"AG LAND, CROPLAND - ASSET VALUE, MEASURED IN $ / ACRE",2080.0
223,2016,KENTUCKY,21.0,"AG LAND, CROPLAND - ASSET VALUE, MEASURED IN $ / ACRE",3980.0
224,2016,LOUISIANA,22.0,"AG LAND, CROPLAND - ASSET VALUE, MEASURED IN $ / ACRE",2590.0
225,2016,MARYLAND,24.0,"AG LAND, CROPLAND - ASSET VALUE, MEASURED IN $ / ACRE",6910.0
226,2016,MICHIGAN,26.0,"AG LAND, CROPLAND - ASSET VALUE, MEASURED IN $ / ACRE",4590.0
227,2016,MINNESOTA,27.0,"AG LAND, CROPLAND - ASSET VALUE, MEASURED IN $ / ACRE",4840.0
228,2016,MISSISSIPPI,28.0,"AG LAND, CROPLAND - ASSET VALUE, MEASURED IN $ / ACRE",2810.0
229,2016,MISSOURI,29.0,"AG LAND, CROPLAND - ASSET VALUE, MEASURED IN $ / ACRE",3570.0
230,2016,MONTANA,30.0,"AG LAND, CROPLAND - ASSET VALUE, MEASURED IN $ / ACRE",1010.0
231,2016,NEBRASKA,31.0,"AG LAND, CROPLAND - ASSET VALUE, MEASURED IN $ / ACRE",4750.0
232,2016,NEW JERSEY,34.0,"AG LAND, CROPLAND - ASSET VALUE, MEASURED IN $ / ACRE",13500.0
233,2016,NEW MEXICO,35.0,"AG LAND, CROPLAND - ASSET VALUE, MEASURED IN $ / ACRE",1500.0
234,2016,NEW YORK,36.0,"AG LAND, CROPLAND - ASSET VALUE, MEASURED IN $ / ACRE",2690.0
235,2016,NORTH CAROLINA,37.0,"AG LAND, CROPLAND - ASSET VALUE, MEASURED IN $ / ACRE",4060.0
236,2016,NORTH DAKOTA,38.0,"AG LAND, CROPLAND - ASSET VALUE, MEASURED IN $ / ACRE",1910.0
237,2016,OHIO,39.0,"AG LAND, CROPLAND - ASSET VALUE, MEASURED IN $ / ACRE",6070.0
238,2016,OKLAHOMA,40.0,"AG LAND, CROPLAND - ASSET VALUE, MEASURED IN $ / ACRE",1530.0
239,2016,OREGON,41.0,"AG LAND, CROPLAND - ASSET VALUE, MEASURED IN $ / ACRE",2780.0
240,2016,OTHER STATES,,"AG LAND, CROPLAND - ASSET VALUE, MEASURED IN $ / ACRE",7290.0
241,2016,PENNSYLVANIA,42.0,"AG LAND, CROPLAND - ASSET VALUE, MEASURED IN $ / ACRE",6450.0
242,2016,SOUTH CAROLINA,45.0,"AG LAND, CROPLAND - ASSET VALUE, MEASURED IN $ / ACRE",2610.0
243,2016,SOUTH DAKOTA,46.0,"AG LAND, CROPLAND - ASSET VALUE, MEASURED IN $ / ACRE",3430.0
244,2016,TENNESSEE,47.0,"AG LAND, CROPLAND - ASSET VALUE, MEASURED IN $ / ACRE",3670.0
245,2016,TEXAS,48.0,"AG LAND, CROPLAND - ASSET VALUE, MEASURED IN $ / ACRE",1770.0
246,2016,UTAH,49.0,"AG LAND, CROPLAND - ASSET VALUE, MEASURED IN $ / ACRE",3530.0
247,2016,VIRGINIA,51.0,"AG LAND, CROPLAND - ASSET VALUE, MEASURED IN $ / ACRE",4610.0
248,2016,WASHINGTON,53.0,"AG LAND, CROPLAND - ASSET VALUE, MEASURED IN $ / ACRE",2590.0
249,2016,WEST VIRGINIA,54.0,"AG LAND, CROPLAND - ASSET VALUE, MEASURED IN $ / ACRE",3220.0
250,2016,WISCONSIN,55.0,"AG LAND, CROPLAND - ASSET VALUE, MEASURED IN $ / ACRE",4660.0
251,2016,WYOMING,56.0,"AG LAND, CROPLAND - ASSET VALUE, MEASURED IN $ / ACRE",1450.0
252,2015,ALABAMA,1.0,"AG LAND, CROPLAND - ASSET VALUE, MEASURED IN $ / ACRE",2940.0
253,2015,ARIZONA,4.0,"AG LAND, CROPLAND - ASSET VALUE, MEASURED IN $ / ACRE",7970.0
254,2015,ARKANSAS,5.0,"AG LAND, CROPLAND - ASSET VALUE, MEASURED IN $ / ACRE",2600.0
255,2015,CALIFORNIA,6.0,"AG LAND, CROPLAND - ASSET VALUE, MEASURED IN $ / ACRE",10850.0
256,2015,COLORADO,8.0,"AG LAND, CROPLAND - ASSET VALUE, MEASURED IN $ / ACRE",1990.0
257,2015,DELAWARE,10.0,"AG LAND, CROPLAND - ASSET VALUE, MEASURED IN $ / ACRE",7880.0
258,2015,FLORIDA,12.0,"AG LAND, CROPLAND - ASSET VALUE, MEASURED IN $ / ACRE",6660.0
259,2015,GEORGIA,13.0,"AG LAND, CROPLAND - ASSET VALUE, MEASURED IN $ / ACRE",3160.0
260,2015,IDAHO,16.0,"AG LAND, CROPLAND - ASSET VALUE, MEASURED IN $ / ACRE",3280.0
261,2015,ILLINOIS,17.0,"AG LAND, CROPLAND - ASSET VALUE, MEASURED IN $ / ACRE",7580.0
262,2015,INDIANA,18.0,"AG LAND, CROPLAND - ASSET VALUE, MEASURED IN $ / ACRE",6780.0
263,2015,IOWA,19.0,"AG LAND, CROPLAND - ASSET VALUE, MEASURED IN $ / ACRE",7860.0
264,2015,KANSAS,20.0,"AG LAND, CROPLAND - ASSET VALUE, MEASURED IN $ / ACRE",2230.0
265,2015,KENTUCKY,21.0,"AG LAND, CROPLAND - ASSET VALUE, MEASURED IN $ / ACRE",3860.0
266,2015,LOUISIANA,22.0,"AG LAND, CROPLAND - ASSET VALUE, MEASURED IN $ / ACRE",2480.0
267,2015,MARYLAND,24.0,"AG LAND, CROPLAND - ASSET VALUE, MEASURED IN $ / ACRE",6720.0
268,2015,MICHIGAN,26.0,"AG LAND, CROPLAND - ASSET VALUE, MEASURED IN $ / ACRE",4620.0
269,2015,MINNESOTA,27.0,"AG LAND, CROPLAND - ASSET VALUE, MEASURED IN $ / ACRE",4860.0
270,2015,MISSISSIPPI,28.0,"AG LAND, CROPLAND - ASSET VALUE, MEASURED IN $ / ACRE",2700.0
271,2015,MISSOURI,29.0,"AG LAND, CROPLAND - ASSET VALUE, MEASURED IN $ / ACRE",3680.0
272,2015,MONTANA,30.0,"AG LAND, CROPLAND - ASSET VALUE, MEASURED IN $ / ACRE",995.0
273,2015,NEBRASKA,31.0,"AG LAND, CROPLAND - ASSET VALUE, MEASURED IN $ / ACRE",5010.0
274,2015,NEVADA,32.0,"AG LAND, CROPLAND - ASSET VALUE, MEASURED IN $ / ACRE",2550.0
275,2015,NEW JERSEY,34.0,"AG LAND, CROPLAND - ASSET VALUE, MEASURED IN $ / ACRE",13800.0
276,2015,NEW MEXICO,35.0,"AG LAND, CROPLAND - ASSET VALUE, MEASURED IN $ / ACRE",1480.0
277,2015,NEW YORK,36.0,"AG LAND, CROPLAND - ASSET VALUE, MEASURED IN $ / ACRE",2680.0
278,2015,NORTH CAROLINA,37.0,"AG LAND, CROPLAND - ASSET VALUE, MEASURED IN $ / ACRE",4150.0
279,2015,NORTH DAKOTA,38.0,"AG LAND, CROPLAND - ASSET VALUE, MEASURED IN $ / ACRE",2080.0
280,2015,OHIO,39.0,"AG LAND, CROPLAND - ASSET VALUE, MEASURED IN $ / ACRE",6030.0
281,2015,OKLAHOMA,40.0,"AG LAND, CROPLAND - ASSET VALUE, MEASURED IN $ / ACRE",1520.0
282,2015,OREGON,41.0,"AG LAND, CROPLAND - ASSET VALUE, MEASURED IN $ / ACRE",2630.0
283,2015,OTHER STATES,,"AG LAND, CROPLAND - ASSET VALUE, MEASURED IN $ / ACRE",7270.0
284,2015,PENNSYLVANIA,42.0,"AG LAND, CROPLAND - ASSET VALUE, MEASURED IN $ / ACRE",6130.0
285,2015,SOUTH CAROLINA,45.0,"AG LAND, CROPLAND - ASSET VALUE, MEASURED IN $ / ACRE",2560.0
286,2015,SOUTH DAKOTA,46.0,"AG LAND, CROPLAND - ASSET VALUE, MEASURED IN $ / ACRE",3670.0
287,2015,TENNESSEE,47.0,"AG LAND, CROPLAND - ASSET VALUE, MEASURED IN $ / ACRE",3510.0
288,2015,TEXAS,48.0,"AG LAND, CROPLAND - ASSET VALUE, MEASURED IN $ / ACRE",1760.0
289,2015,UTAH,49.0,"AG LAND, CROPLAND - ASSET VALUE, MEASURED IN $ / ACRE",3430.0
290,2015,VIRGINIA,51.0,"AG LAND, CROPLAND - ASSET VALUE, MEASURED IN $ / ACRE",4560.0
291,2015,WASHINGTON,53.0,"AG LAND, CROPLAND - ASSET VALUE, MEASURED IN $ / ACRE",2530.0
292,2015,WEST VIRGINIA,54.0,"AG LAND, CROPLAND - ASSET VALUE, MEASURED IN $ / ACRE",3290.0
293,2015,WISCONSIN,55.0,"AG LAND, CROPLAND - ASSET VALUE, MEASURED IN $ / ACRE",4550.0
294,2015,WYOMING,56.0,"AG LAND, CROPLAND - ASSET VALUE, MEASURED IN $ / ACRE",1420.0
295,2014,ALABAMA,1.0,"AG LAND, CROPLAND - ASSET VALUE, MEASURED IN $ / ACRE",2890.0
296,2014,ARIZONA,4.0,"AG LAND, CROPLAND - ASSET VALUE, MEASURED IN $ / ACRE",8140.0
297,2014,ARKANSAS,5.0,"AG LAND, CROPLAND - ASSET VALUE, MEASURED IN $ / ACRE",2530.0
298,2014,CALIFORNIA,6.0,"AG LAND, CROPLAND - ASSET VALUE, MEASURED IN $ / ACRE",10230.0
299,2014,COLORADO,8.0,"AG LAND, CROPLAND - ASSET VALUE, MEASURED IN $ / ACRE",1890.0
300,2014,DELAWARE,10.0,"AG LAND, CROPLAND - ASSET VALUE, MEASURED IN $ / ACRE",7840.0
301,2014,FLORIDA,12.0,"AG LAND, CROPLAND - ASSET VALUE, MEASURED IN $ / ACRE",6550.0
302,2014,GEORGIA,13.0,"AG LAND, CROPLAND - ASSET VALUE, MEASURED IN $ / ACRE",3080.0
303,2014,IDAHO,16.0,"AG LAND, CROPLAND - ASSET VALUE, MEASURED IN $ / ACRE",3080.0
304,2014,ILLINOIS,17.0,"AG LAND, CROPLAND - ASSET VALUE, MEASURED IN $ / ACRE",7660.0
305,2014,INDIANA,18.0,"AG LAND, CROPLAND - ASSET VALUE, MEASURED IN $ / ACRE",6940.0
306,2014,IOWA,19.0,"AG LAND, CROPLAND - ASSET VALUE, MEASURED IN $ / ACRE",8560.0
307,2014,KANSAS,20.0,"AG LAND, CROPLAND - ASSET VALUE, MEASURED IN $ / ACRE",2270.0
308,2014,KENTUCKY,21.0,"AG LAND, CROPLAND - ASSET VALUE, MEASURED IN $ / ACRE",3620.0
309,2014,LOUISIANA,22.0,"AG LAND, CROPLAND - ASSET VALUE, MEASURED IN $ / ACRE",2370.0
310,2014,MARYLAND,24.0,"AG LAND, CROPLAND - ASSET VALUE, MEASURED IN $ / ACRE",6590.0
311,2014,MICHIGAN,26.0,"AG LAND, CROPLAND - ASSET VALUE, MEASURED IN $ / ACRE",4530.0
312,2014,MINNESOTA,27.0,"AG LAND, CROPLAND - ASSET VALUE, MEASURED IN $ / ACRE",4900.0
313,2014,MISSISSIPPI,28.0,"AG LAND, CROPLAND - ASSET VALUE, MEASURED IN $ / ACRE",2610.0
314,2014,MISSOURI,29.0,"AG LAND, CROPLAND - ASSET VALUE, MEASURED IN $ / ACRE",3750.0
315,2014,MONTANA,30.0,"AG LAND, CROPLAND - ASSET VALUE, MEASURED IN $ / ACRE",986.0
316,2014,NEBRASKA,31.0,"AG LAND, CROPLAND - ASSET VALUE, MEASURED IN $ / ACRE",5140.0
317,2014,NEVADA,32.0,"AG LAND, CROPLAND - ASSET VALUE, MEASURED IN $ / ACRE",2620.0
318,2014,NEW JERSEY,34.0,"AG LAND, CROPLAND - ASSET VALUE, MEASURED IN $ / ACRE",13200.0
319,2014,NEW MEXICO,35.0,"AG LAND, CROPLAND - ASSET VALUE, MEASURED IN $ / ACRE",1470.0
320,2014,NEW YORK,36.0,"AG LAND, CROPLAND - ASSET VALUE, MEASURED IN $ / ACRE",2570.0
321,2014,NORTH CAROLINA,37.0,"AG LAND, CROPLAND - ASSET VALUE, MEASURED IN $ / ACRE",4230.0
322,2014,NORTH DAKOTA,38.0,"AG LAND, CROPLAND - ASSET VALUE, MEASURED IN $ / ACRE",2020.0
323,2014,OHIO,39.0,"AG LAND, CROPLAND - ASSET VALUE, MEASURED IN $ / ACRE",5740.0
324,2014,OKLAHOMA,40.0,"AG LAND, CROPLAND - ASSET VALUE, MEASURED IN $ / ACRE",1470.0
325,2014,OREGON,41.0,"AG LAND, CROPLAND - ASSET VALUE, MEASURED IN $ / ACRE",2520.0
326,2014,OTHER STATES,,"AG LAND, CROPLAND - ASSET VALUE, MEASURED IN $ / ACRE",7220.0
327,2014,PENNSYLVANIA,42.0,"AG LAND, CROPLAND - ASSET VALUE, MEASURED IN $ / ACRE",5950.0
328,2014,SOUTH CAROLINA,45.0,"AG LAND, CROPLAND - ASSET VALUE, MEASURED IN $ / ACRE",2510.0
329,2014,SOUTH DAKOTA,46.0,"AG LAND, CROPLAND - ASSET VALUE, MEASURED IN $ / ACRE",3400.0
330,2014,TENNESSEE,47.0,"AG LAND, CROPLAND - ASSET VALUE, MEASURED IN $ / ACRE",3420.0
331,2014,TEXAS,48.0,"AG LAND, CROPLAND - ASSET VALUE, MEASURED IN $ / ACRE",1640.0
332,2014,UTAH,49.0,"AG LAND, CROPLAND - ASSET VALUE, MEASURED IN $ / ACRE",3320.0
333,2014,VIRGINIA,51.0,"AG LAND, CROPLAND - ASSET VALUE, MEASURED IN $ / ACRE",4520.0
334,2014,WASHINGTON,53.0,"AG LAND, CROPLAND - ASSET VALUE, MEASURED IN $ / ACRE",2510.0
335,2014,WEST VIRGINIA,54.0,"AG LAND, CROPLAND - ASSET VALUE, MEASURED IN $ / ACRE",3240.0
336,2014,WISCONSIN,55.0,"AG LAND, CROPLAND - ASSET VALUE, MEASURED IN $ / ACRE",4280.0
337,2014,WYOMING,56.0,"AG LAND, CROPLAND - ASSET VALUE, MEASURED IN $ / ACRE",1400.0
338,2013,ALABAMA,1.0,"AG LAND, CROPLAND - ASSET VALUE, MEASURED IN $ / ACRE",2750.0
339,2013,ARIZONA,4.0,"AG LAND, CROPLAND - ASSET VALUE, MEASURED IN $ / ACRE",8290.0
340,2013,ARKANSAS,5.0,"AG LAND, CROPLAND - ASSET VALUE, MEASURED IN $ / ACRE",2380.0
341,2013,CALIFORNIA,6.0,"AG LAND, CROPLAND - ASSET VALUE, MEASURED IN $ / ACRE",9860.0
342,2013,COLORADO,8.0,"AG LAND, CROPLAND - ASSET VALUE, MEASURED IN $ / ACRE",1770.0
343,2013,DELAWARE,10.0,"AG LAND, CROPLAND - ASSET VALUE, MEASURED IN $ / ACRE",7870.0
344,2013,FLORIDA,12.0,"AG LAND, CROPLAND - ASSET VALUE, MEASURED IN $ / ACRE",6450.0
345,2013,GEORGIA,13.0,"AG LAND, CROPLAND - ASSET VALUE, MEASURED IN $ / ACRE",3080.0
346,2013,IDAHO,16.0,"AG LAND, CROPLAND - ASSET VALUE, MEASURED IN $ / ACRE",2850.0
347,2013,ILLINOIS,17.0,"AG LAND, CROPLAND - ASSET VALUE, MEASURED IN $ / ACRE",7190.0
348,2013,INDIANA,18.0,"AG LAND, CROPLAND - ASSET VALUE, MEASURED IN $ / ACRE",6590.0
349,2013,IOWA,19.0,"AG LAND, CROPLAND - ASSET VALUE, MEASURED IN $ / ACRE",8000.0
350,2013,KANSAS,20.0,"AG LAND, CROPLAND - ASSET VALUE, MEASURED IN $ / ACRE",1930.0
351,2013,KENTUCKY,21.0,"AG LAND, CROPLAND - ASSET VALUE, MEASURED IN $ / ACRE",3430.0
352,2013,LOUISIANA,22.0,"AG LAND, CROPLAND - ASSET VALUE, MEASURED IN $ / ACRE",2260.0
353,2013,MARYLAND,24.0,"AG LAND, CROPLAND - ASSET VALUE, MEASURED IN $ / ACRE",6470.0
354,2013,MICHIGAN,26.0,"AG LAND, CROPLAND - ASSET VALUE, MEASURED IN $ / ACRE",4120.0
355,2013,MINNESOTA,27.0,"AG LAND, CROPLAND - ASSET VALUE, MEASURED IN $ / ACRE",4390.0
356,2013,MISSISSIPPI,28.0,"AG LAND, CROPLAND - ASSET VALUE, MEASURED IN $ / ACRE",2470.0
357,2013,MISSOURI,29.0,"AG LAND, CROPLAND - ASSET VALUE, MEASURED IN $ / ACRE",3500.0
358,2013,MONTANA,30.0,"AG LAND, CROPLAND - ASSET VALUE, MEASURED IN $ / ACRE",890.0
359,2013,NEBRASKA,31.0,"AG LAND, CROPLAND - ASSET VALUE, MEASURED IN $ / ACRE",4860.0
360,2013,NEW JERSEY,34.0,"AG LAND, CROPLAND - ASSET VALUE, MEASURED IN $ / ACRE",12900.0
361,2013,NEW MEXICO,35.0,"AG LAND, CROPLAND - ASSET VALUE, MEASURED IN $ / ACRE",1450.0
362,2013,NEW YORK,36.0,"AG LAND, CROPLAND - ASSET VALUE, MEASURED IN $ / ACRE",2550.0
363,2013,NORTH CAROLINA,37.0,"AG LAND, CROPLAND - ASSET VALUE, MEASURED IN $ / ACRE",4050.0
364,2013,NORTH DAKOTA,38.0,"AG LAND, CROPLAND - ASSET VALUE, MEASURED IN $ / ACRE",1750.0
365,2013,OHIO,39.0,"AG LAND, CROPLAND - ASSET VALUE, MEASURED IN $ / ACRE",5190.0
366,2013,OKLAHOMA,40.0,"AG LAND, CROPLAND - ASSET VALUE, MEASURED IN $ / ACRE",1390.0
367,2013,OREGON,41.0,"AG LAND, CROPLAND - ASSET VALUE, MEASURED IN $ / ACRE",2400.0
368,2013,OTHER STATES,,"AG LAND, CROPLAND - ASSET VALUE, MEASURED IN $ / ACRE",7060.0
369,2013,PENNSYLVANIA,42.0,"AG LAND, CROPLAND - ASSET VALUE, MEASURED IN $ / ACRE",5840.0
370,2013,SOUTH CAROLINA,45.0,"AG LAND, CROPLAND - ASSET VALUE, MEASURED IN $ / ACRE",2440.0
371,2013,SOUTH DAKOTA,46.0,"AG LAND, CROPLAND - ASSET VALUE, MEASURED IN $ / ACRE",2840.0
372,2013,TENNESSEE,47.0,"AG LAND, CROPLAND - ASSET VALUE, MEASURED IN $ / ACRE",3340.0
373,2013,TEXAS,48.0,"AG LAND, CROPLAND - ASSET VALUE, MEASURED IN $ / ACRE",1520.0
374,2013,UTAH,49.0,"AG LAND, CROPLAND - ASSET VALUE, MEASURED IN $ / ACRE",3230.0
375,2013,VIRGINIA,51.0,"AG LAND, CROPLAND - ASSET VALUE, MEASURED IN $ / ACRE",4450.0
376,2013,WASHINGTON,53.0,"AG LAND, CROPLAND - ASSET VALUE, MEASURED IN $ / ACRE",2420.0
377,2013,WEST VIRGINIA,54.0,"AG LAND, CROPLAND - ASSET VALUE, MEASURED IN $ / ACRE",3200.0
378,2013,WISCONSIN,55.0,"AG LAND, CROPLAND - ASSET VALUE, MEASURED IN $ / ACRE",4010.0
379,2013,WYOMING,56.0,"AG LAND, CROPLAND - ASSET VALUE, MEASURED IN $ / ACRE",1360.0
380,2012,ALABAMA,1.0,"AG LAND, CROPLAND - ASSET VALUE, MEASURED IN $ / ACRE",2750.0
381,2012,ARIZONA,4.0,"AG LAND, CROPLAND - ASSET VALUE, MEASURED IN $ / ACRE",7960.0
382,2012,ARKANSAS,5.0,"AG LAND, CROPLAND - ASSET VALUE, MEASURED IN $ / ACRE",2180.0
383,2012,CALIFORNIA,6.0,"AG LAND, CROPLAND - ASSET VALUE, MEASURED IN $ / ACRE",9400.0
384,2012,COLORADO,8.0,"AG LAND, CROPLAND - ASSET VALUE, MEASURED IN $ / ACRE",1450.0
385,2012,DELAWARE,10.0,"AG LAND, CROPLAND - ASSET VALUE, MEASURED IN $ / ACRE",7850.0
386,2012,FLORIDA,12.0,"AG LAND, CROPLAND - ASSET VALUE, MEASURED IN $ / ACRE",6420.0
387,2012,GEORGIA,13.0,"AG LAND, CROPLAND - ASSET VALUE, MEASURED IN $ / ACRE",3130.0
388,2012,IDAHO,16.0,"AG LAND, CROPLAND - ASSET VALUE, MEASURED IN $ / ACRE",2580.0
389,2012,ILLINOIS,17.0,"AG LAND, CROPLAND - ASSET VALUE, MEASURED IN $ / ACRE",6300.0
390,2012,INDIANA,18.0,"AG LAND, CROPLAND - ASSET VALUE, MEASURED IN $ / ACRE",5840.0
391,2012,IOWA,19.0,"AG LAND, CROPLAND - ASSET VALUE, MEASURED IN $ / ACRE",6810.0
392,2012,KANSAS,20.0,"AG LAND, CROPLAND - ASSET VALUE, MEASURED IN $ / ACRE",1650.0
393,2012,KENTUCKY,21.0,"AG LAND, CROPLAND - ASSET VALUE, MEASURED IN $ / ACRE",3210.0
394,2012,LOUISIANA,22.0,"AG LAND, CROPLAND - ASSET VALUE, MEASURED IN $ / ACRE",2120.0
395,2012,MARYLAND,24.0,"AG LAND, CROPLAND - ASSET VALUE, MEASURED IN $ / ACRE",6570.0
396,2012,MICHIGAN,26.0,"AG LAND, CROPLAND - ASSET VALUE, MEASURED IN $ / ACRE",3660.0
397,2012,MINNESOTA,27.0,"AG LAND, CROPLAND - ASSET VALUE, MEASURED IN $ / ACRE",3740.0
398,2012,MISSISSIPPI,28.0,"AG LAND, CROPLAND - ASSET VALUE, MEASURED IN $ / ACRE",2180.0
399,2012,MISSOURI,29.0,"AG LAND, CROPLAND - ASSET VALUE, MEASURED IN $ / ACRE",3120.0
400,2012,MONTANA,30.0,"AG LAND, CROPLAND - ASSET VALUE, MEASURED IN $ / ACRE",852.0
401,2012,NEBRASKA,31.0,"AG LAND, CROPLAND - ASSET VALUE, MEASURED IN $ / ACRE",4190.0
402,2012,NEW JERSEY,34.0,"AG LAND, CROPLAND - ASSET VALUE, MEASURED IN $ / ACRE",12400.0
403,2012,NEW MEXICO,35.0,"AG LAND, CROPLAND - ASSET VALUE, MEASURED IN $ / ACRE",1550.0
404,2012,NEW YORK,36.0,"AG LAND, CROPLAND - ASSET VALUE, MEASURED IN $ / ACRE",2600.0
405,2012,NORTH CAROLINA,37.0,"AG LAND, CROPLAND - ASSET VALUE, MEASURED IN $ / ACRE",3850.0
406,2012,NORTH DAKOTA,38.0,"AG LAND, CROPLAND - ASSET VALUE, MEASURED IN $ / ACRE",1260.0
407,2012,OHIO,39.0,"AG LAND, CROPLAND - ASSET VALUE, MEASURED IN $ / ACRE",4640.0
408,2012,OKLAHOMA,40.0,"AG LAND, CROPLAND - ASSET VALUE, MEASURED IN $ / ACRE",1280.0
409,2012,OREGON,41.0,"AG LAND, CROPLAND - ASSET VALUE, MEASURED IN $ / ACRE",2340.0
410,2012,OTHER STATES,,"AG LAND, CROPLAND - ASSET VALUE, MEASURED IN $ / ACRE",7120.0
411,2012,PENNSYLVANIA,42.0,"AG LAND, CROPLAND - ASSET VALUE, MEASURED IN $ / ACRE",5760.0
412,2012,SOUTH CAROLINA,45.0,"AG LAND, CROPLAND - ASSET VALUE, MEASURED IN $ / ACRE",2620.0
413,2012,SOUTH DAKOTA,46.0,"AG LAND, CROPLAND - ASSET VALUE, MEASURED IN $ / ACRE",2200.0
414,2012,TENNESSEE,47.0,"AG LAND, CROPLAND - ASSET VALUE, MEASURED IN $ / ACRE",3260.0
415,2012,TEXAS,48.0,"AG LAND, CROPLAND - ASSET VALUE, MEASURED IN $ / ACRE",1590.0
416,2012,UTAH,49.0,"AG LAND, CROPLAND - ASSET VALUE, MEASURED IN $ / ACRE",2690.0
417,2012,VIRGINIA,51.0,"AG LAND, CROPLAND - ASSET VALUE, MEASURED IN $ / ACRE",4500.0
418,2012,WASHINGTON,53.0,"AG LAND, CROPLAND - ASSET VALUE, MEASURED IN $ / ACRE",2190.0
419,2012,WEST VIRGINIA,54.0,"AG LAND, CROPLAND - ASSET VALUE, MEASURED IN $ / ACRE",3250.0
420,2012,WISCONSIN,55.0,"AG LAND, CROPLAND - ASSET VALUE, MEASURED IN $ / ACRE",4000.0
421,2012,WYOMING,56.0,"AG LAND, CROPLAND - ASSET VALUE, MEASURED IN $ / ACRE",1360.0
422,2011,ALABAMA,1.0,"AG LAND, CROPLAND - ASSET VALUE, MEASURED IN $ / ACRE",2680.0
423,2011,ARIZONA,4.0,"AG LAND, CROPLAND - ASSET VALUE, MEASURED IN $ / ACRE",7610.0
424,2011,ARKANSAS,5.0,"AG LAND, CROPLAND - ASSET VALUE, MEASURED IN $ / ACRE",1990.0
425,2011,CALIFORNIA,6.0,"AG LAND, CROPLAND - ASSET VALUE, MEASURED IN $ / ACRE",9130.0
426,2011,COLORADO,8.0,"AG LAND, CROPLAND - ASSET VALUE, MEASURED IN $ / ACRE",1340.0
427,2011,DELAWARE,10.0,"AG LAND, CROPLAND - ASSET VALUE, MEASURED IN $ / ACRE",7840.0
428,2011,FLORIDA,12.0,"AG LAND, CROPLAND - ASSET VALUE, MEASURED IN $ / ACRE",6580.0
429,2011,GEORGIA,13.0,"AG LAND, CROPLAND - ASSET VALUE, MEASURED IN $ / ACRE",3360.0
430,2011,IDAHO,16.0,"AG LAND, CROPLAND - ASSET VALUE, MEASURED IN $ / ACRE",2470.0
431,2011,ILLINOIS,17.0,"AG LAND, CROPLAND - ASSET VALUE, MEASURED IN $ / ACRE",5480.0
432,2011,INDIANA,18.0,"AG LAND, CROPLAND - ASSET VALUE, MEASURED IN $ / ACRE",5070.0
433,2011,IOWA,19.0,"AG LAND, CROPLAND - ASSET VALUE, MEASURED IN $ / ACRE",5600.0
434,2011,KANSAS,20.0,"AG LAND, CROPLAND - ASSET VALUE, MEASURED IN $ / ACRE",1340.0
435,2011,KENTUCKY,21.0,"AG LAND, CROPLAND - ASSET VALUE, MEASURED IN $ / ACRE",3080.0
436,2011,LOUISIANA,22.0,"AG LAND, CROPLAND - ASSET VALUE, MEASURED IN $ / ACRE",1970.0
437,2011,MARYLAND,24.0,"AG LAND, CROPLAND - ASSET VALUE, MEASURED IN $ / ACRE",6680.0
438,2011,MICHIGAN,26.0,"AG LAND, CROPLAND - ASSET VALUE, MEASURED IN $ / ACRE",3370.0
439,2011,MINNESOTA,27.0,"AG LAND, CROPLAND - ASSET VALUE, MEASURED IN $ / ACRE",3070.0
440,2011,MISSISSIPPI,28.0,"AG LAND, CROPLAND - ASSET VALUE, MEASURED IN $ / ACRE",2100.0
441,2011,MISSOURI,29.0,"AG LAND, CROPLAND - ASSET VALUE, MEASURED IN $ / ACRE",2790.0
442,2011,MONTANA,30.0,"AG LAND, CROPLAND - ASSET VALUE, MEASURED IN $ / ACRE",806.0
443,2011,NEBRASKA,31.0,"AG LAND, CROPLAND - ASSET VALUE, MEASURED IN $ / ACRE",3130.0
444,2011,NEW JERSEY,34.0,"AG LAND, CROPLAND - ASSET VALUE, MEASURED IN $ / ACRE",12900.0
445,2011,NEW MEXICO,35.0,"AG LAND, CROPLAND - ASSET VALUE, MEASURED IN $ / ACRE",1740.0
446,2011,NEW YORK,36.0,"AG LAND, CROPLAND - ASSET VALUE, MEASURED IN $ / ACRE",2400.0
447,2011,NORTH CAROLINA,37.0,"AG LAND, CROPLAND - ASSET VALUE, MEASURED IN $ / ACRE",3610.0
448,2011,NORTH DAKOTA,38.0,"AG LAND, CROPLAND - ASSET VALUE, MEASURED IN $ / ACRE",987.0
449,2011,OHIO,39.0,"AG LAND, CROPLAND - ASSET VALUE, MEASURED IN $ / ACRE",4160.0
450,2011,OKLAHOMA,40.0,"AG LAND, CROPLAND - ASSET VALUE, MEASURED IN $ / ACRE",1130.0
451,2011,OREGON,41.0,"AG LAND, CROPLAND - ASSET VALUE, MEASURED IN $ / ACRE",2180.0
452,2011,OTHER STATES,,"AG LAND, CROPLAND - ASSET VALUE, MEASURED IN $ / ACRE",7170.0
453,2011,PENNSYLVANIA,42.0,"AG LAND, CROPLAND - ASSET VALUE, MEASURED IN $ / ACRE",5630.0
454,2011,SOUTH CAROLINA,45.0,"AG LAND, CROPLAND - ASSET VALUE, MEASURED IN $ / ACRE",2590.0
455,2011,SOUTH DAKOTA,46.0,"AG LAND, CROPLAND - ASSET VALUE, MEASURED IN $ / ACRE",1790.0
456,2011,TENNESSEE,47.0,"AG LAND, CROPLAND - ASSET VALUE, MEASURED IN $ / ACRE",3270.0
457,2011,TEXAS,48.0,"AG LAND, CROPLAND - ASSET VALUE, MEASURED IN $ / ACRE",1580.0
458,2011,UTAH,49.0,"AG LAND, CROPLAND - ASSET VALUE, MEASURED IN $ / ACRE",2690.0
459,2011,VIRGINIA,51.0,"AG LAND, CROPLAND - ASSET VALUE, MEASURED IN $ / ACRE",4350.0
460,2011,WASHINGTON,53.0,"AG LAND, CROPLAND - ASSET VALUE, MEASURED IN $ / ACRE",1930.0
461,2011,WEST VIRGINIA,54.0,"AG LAND, CROPLAND - ASSET VALUE, MEASURED IN $ / ACRE",3340.0
462,2011,WISCONSIN,55.0,"AG LAND, CROPLAND - ASSET VALUE, MEASURED IN $ / ACRE",3780.0
463,2011,WYOMING,56.0,"AG LAND, CROPLAND - ASSET VALUE, MEASURED IN $ / ACRE",1320.0
464,2010,ALABAMA,1.0,"AG LAND, CROPLAND - ASSET VALUE, MEASURED IN $ / ACRE",2630.0
465,2010,ARIZONA,4.0,"AG LAND, CROPLAND - ASSET VALUE, MEASURED IN $ / ACRE",7750.0
466,2010,ARKANSAS,5.0,"AG LAND, CROPLAND - ASSET VALUE, MEASURED IN $ / ACRE",1910.0
467,2010,CALIFORNIA,6.0,"AG LAND, CROPLAND - ASSET VALUE, MEASURED IN $ / ACRE",8960.0
468,2010,COLORADO,8.0,"AG LAND, CROPLAND - ASSET VALUE, MEASURED IN $ / ACRE",1290.0
469,2010,DELAWARE,10.0,"AG LAND, CROPLAND - ASSET VALUE, MEASURED IN $ / ACRE",7930.0
470,2010,FLORIDA,12.0,"AG LAND, CROPLAND - ASSET VALUE, MEASURED IN $ / ACRE",6550.0
471,2010,GEORGIA,13.0,"AG LAND, CROPLAND - ASSET VALUE, MEASURED IN $ / ACRE",3390.0
472,2010,IDAHO,16.0,"AG LAND, CROPLAND - ASSET VALUE, MEASURED IN $ / ACRE",2480.0
473,2010,ILLINOIS,17.0,"AG LAND, CROPLAND - ASSET VALUE, MEASURED IN $ / ACRE",4720.0
474,2010,INDIANA,18.0,"AG LAND, CROPLAND - ASSET VALUE, MEASURED IN $ / ACRE",4270.0
475,2010,IOWA,19.0,"AG LAND, CROPLAND - ASSET VALUE, MEASURED IN $ / ACRE",4450.0
476,2010,KANSAS,20.0,"AG LAND, CROPLAND - ASSET VALUE, MEASURED IN $ / ACRE",1110.0
477,2010,KENTUCKY,21.0,"AG LAND, CROPLAND - ASSET VALUE, MEASURED IN $ / ACRE",3070.0
478,2010,LOUISIANA,22.0,"AG LAND, CROPLAND - ASSET VALUE, MEASURED IN $ / ACRE",1800.0
479,2010,MARYLAND,24.0,"AG LAND, CROPLAND - ASSET VALUE, MEASURED IN $ / ACRE",6790.0
480,2010,MICHIGAN,26.0,"AG LAND, CROPLAND - ASSET VALUE, MEASURED IN $ / ACRE",3160.0
481,2010,MINNESOTA,27.0,"AG LAND, CROPLAND - ASSET VALUE, MEASURED IN $ / ACRE",2710.0
482,2010,MISSISSIPPI,28.0,"AG LAND, CROPLAND - ASSET VALUE, MEASURED IN $ / ACRE",1950.0
483,2010,MISSOURI,29.0,"AG LAND, CROPLAND - ASSET VALUE, MEASURED IN $ / ACRE",2600.0
484,2010,MONTANA,30.0,"AG LAND, CROPLAND - ASSET VALUE, MEASURED IN $ / ACRE",779.0
485,2010,NEBRASKA,31.0,"AG LAND, CROPLAND - ASSET VALUE, MEASURED IN $ / ACRE",2430.0
486,2010,NEW JERSEY,34.0,"AG LAND, CROPLAND - ASSET VALUE, MEASURED IN $ / ACRE",13300.0
487,2010,NEW MEXICO,35.0,"AG LAND, CROPLAND - ASSET VALUE, MEASURED IN $ / ACRE",1750.0
488,2010,NEW YORK,36.0,"AG LAND, CROPLAND - ASSET VALUE, MEASURED IN $ / ACRE",2400.0
489,2010,NORTH CAROLINA,37.0,"AG LAND, CROPLAND - ASSET VALUE, MEASURED IN $ / ACRE",3650.0
490,2010,NORTH DAKOTA,38.0,"AG LAND, CROPLAND - ASSET VALUE, MEASURED IN $ / ACRE",840.0
491,2010,OHIO,39.0,"AG LAND, CROPLAND - ASSET VALUE, MEASURED IN $ / ACRE",3900.0
492,2010,OKLAHOMA,40.0,"AG LAND, CROPLAND - ASSET VALUE, MEASURED IN $ / ACRE",1130.0
493,2010,OREGON,41.0,"AG LAND, CROPLAND - ASSET VALUE, MEASURED IN $ / ACRE",2210.0
494,2010,OTHER STATES,,"AG LAND, CROPLAND - ASSET VALUE, MEASURED IN $ / ACRE",7220.0
495,2010,PENNSYLVANIA,42.0,"AG LAND, CROPLAND - ASSET VALUE, MEASURED IN $ / ACRE",5710.0
496,2010,SOUTH CAROLINA,45.0,"AG LAND, CROPLAND - ASSET VALUE, MEASURED IN $ / ACRE",2560.0
497,2010,SOUTH DAKOTA,46.0,"AG LAND, CROPLAND - ASSET VALUE, MEASURED IN $ / ACRE",1520.0
498,2010,TENNESSEE,47.0,"AG LAND, CROPLAND - ASSET VALUE, MEASURED IN $ / ACRE",3310.0
499,2010,TEXAS,48.0,"AG LAND, CROPLAND - ASSET VALUE, MEASURED IN $ / ACRE",1510.0
500,2010,UTAH,49.0,"AG LAND, CROPLAND - ASSET VALUE, MEASURED IN $ / ACRE",2720.0
501,2010,VIRGINIA,51.0,"AG LAND, CROPLAND - ASSET VALUE, MEASURED IN $ / ACRE",4600.0
502,2010,WASHINGTON,53.0,"AG LAND, CROPLAND - ASSET VALUE, MEASURED IN $ / ACRE",1870.0
503,2010,WEST VIRGINIA,54.0,"AG LAND, CROPLAND - ASSET VALUE, MEASURED IN $ / ACRE",3300.0
504,2010,WISCONSIN,55.0,"AG LAND, CROPLAND - ASSET VALUE, MEASURED IN $ / ACRE",3550.0
505,2010,WYOMING,56.0,"AG LAND, CROPLAND - ASSET VALUE, MEASURED IN $ / ACRE",1230.0
506,2009,ALABAMA,1.0,"AG LAND, CROPLAND - ASSET VALUE, MEASURED IN $ / ACRE",2620.0
507,2009,ARIZONA,4.0,"AG LAND, CROPLAND - ASSET VALUE, MEASURED IN $ / ACRE",9830.0
508,2009,ARKANSAS,5.0,"AG LAND, CROPLAND - ASSET VALUE, MEASURED IN $ / ACRE",1830.0
509,2009,CALIFORNIA,6.0,"AG LAND, CROPLAND - ASSET VALUE, MEASURED IN $ / ACRE",9390.0
510,2009,COLORADO,8.0,"AG LAND, CROPLAND - ASSET VALUE, MEASURED IN $ / ACRE",1300.0
511,2009,DELAWARE,10.0,"AG LAND, CROPLAND - ASSET VALUE, MEASURED IN $ / ACRE",8510.0
512,2009,FLORIDA,12.0,"AG LAND, CROPLAND - ASSET VALUE, MEASURED IN $ / ACRE",6610.0
513,2009,GEORGIA,13.0,"AG LAND, CROPLAND - ASSET VALUE, MEASURED IN $ / ACRE",3980.0
514,2009,IDAHO,16.0,"AG LAND, CROPLAND - ASSET VALUE, MEASURED IN $ / ACRE",2610.0
515,2009,ILLINOIS,17.0,"AG LAND, CROPLAND - ASSET VALUE, MEASURED IN $ / ACRE",4590.0
516,2009,INDIANA,18.0,"AG LAND, CROPLAND - ASSET VALUE, MEASURED IN $ / ACRE",3890.0
517,2009,IOWA,19.0,"AG LAND, CROPLAND - ASSET VALUE, MEASURED IN $ / ACRE",3980.0
518,2009,KANSAS,20.0,"AG LAND, CROPLAND - ASSET VALUE, MEASURED IN $ / ACRE",1030.0
519,2009,KENTUCKY,21.0,"AG LAND, CROPLAND - ASSET VALUE, MEASURED IN $ / ACRE",3090.0
520,2009,LOUISIANA,22.0,"AG LAND, CROPLAND - ASSET VALUE, MEASURED IN $ / ACRE",1740.0
521,2009,MARYLAND,24.0,"AG LAND, CROPLAND - ASSET VALUE, MEASURED IN $ / ACRE",7180.0
522,2009,MICHIGAN,26.0,"AG LAND, CROPLAND - ASSET VALUE, MEASURED IN $ / ACRE",3300.0
523,2009,MINNESOTA,27.0,"AG LAND, CROPLAND - ASSET VALUE, MEASURED IN $ / ACRE",2560.0
524,2009,MISSISSIPPI,28.0,"AG LAND, CROPLAND - ASSET VALUE, MEASURED IN $ / ACRE",1830.0
525,2009,MISSOURI,29.0,"AG LAND, CROPLAND - ASSET VALUE, MEASURED IN $ / ACRE",2490.0
526,2009,MONTANA,30.0,"AG LAND, CROPLAND - ASSET VALUE, MEASURED IN $ / ACRE",788.0
527,2009,NEBRASKA,31.0,"AG LAND, CROPLAND - ASSET VALUE, MEASURED IN $ / ACRE",2150.0
528,2009,NEVADA,32.0,"AG LAND, CROPLAND - ASSET VALUE, MEASURED IN $ / ACRE",2690.0
529,2009,NEW JERSEY,34.0,"AG LAND, CROPLAND - ASSET VALUE, MEASURED IN $ / ACRE",14000.0
530,2009,NEW MEXICO,35.0,"AG LAND, CROPLAND - ASSET VALUE, MEASURED IN $ / ACRE",1780.0
531,2009,NEW YORK,36.0,"AG LAND, CROPLAND - ASSET VALUE, MEASURED IN $ / ACRE",2200.0
532,2009,NORTH CAROLINA,37.0,"AG LAND, CROPLAND - ASSET VALUE, MEASURED IN $ / ACRE",3730.0
533,2009,NORTH DAKOTA,38.0,"AG LAND, CROPLAND - ASSET VALUE, MEASURED IN $ / ACRE",787.0
534,2009,OHIO,39.0,"AG LAND, CROPLAND - ASSET VALUE, MEASURED IN $ / ACRE",3830.0
535,2009,OKLAHOMA,40.0,"AG LAND, CROPLAND - ASSET VALUE, MEASURED IN $ / ACRE",1120.0
536,2009,OREGON,41.0,"AG LAND, CROPLAND - ASSET VALUE, MEASURED IN $ / ACRE",2300.0
537,2009,OTHER STATES,,"AG LAND, CROPLAND - ASSET VALUE, MEASURED IN $ / ACRE",7620.0
538,2009,PENNSYLVANIA,42.0,"AG LAND, CROPLAND - ASSET VALUE, MEASURED IN $ / ACRE",5720.0
539,2009,SOUTH CAROLINA,45.0,"AG LAND, CROPLAND - ASSET VALUE, MEASURED IN $ / ACRE",2530.0
540,2009,SOUTH DAKOTA,46.0,"AG LAND, CROPLAND - ASSET VALUE, MEASURED IN $ / ACRE",1380.0
541,2009,TENNESSEE,47.0,"AG LAND, CROPLAND - ASSET VALUE, MEASURED IN $ / ACRE",3230.0
542,2009,TEXAS,48.0,"AG LAND, CROPLAND - ASSET VALUE, MEASURED IN $ / ACRE",1460.0
543,2009,UTAH,49.0,"AG LAND, CROPLAND - ASSET VALUE, MEASURED IN $ / ACRE",2810.0
544,2009,VIRGINIA,51.0,"AG LAND, CROPLAND - ASSET VALUE, MEASURED IN $ / ACRE",4950.0
545,2009,WASHINGTON,53.0,"AG LAND, CROPLAND - ASSET VALUE, MEASURED IN $ / ACRE",1780.0
546,2009,WEST VIRGINIA,54.0,"AG LAND, CROPLAND - ASSET VALUE, MEASURED IN $ / ACRE",3440.0
547,2009,WISCONSIN,55.0,"AG LAND, CROPLAND - ASSET VALUE, MEASURED IN $ / ACRE",3600.0
548,2009,WYOMING,56.0,"AG LAND, CROPLAND - ASSET VALUE, MEASURED IN $ / ACRE",1200.0
549,2008,ALABAMA,1.0,"AG LAND, CROPLAND - ASSET VALUE, MEASURED IN $ / ACRE",2650.0
550,2008,ARIZONA,4.0,"AG LAND, CROPLAND - ASSET VALUE, MEASURED IN $ / ACRE",11500.0
551,2008,ARKANSAS,5.0,"AG LAND, CROPLAND - ASSET VALUE, MEASURED IN $ / ACRE",1770.0
552,2008,CALIFORNIA,6.0,"AG LAND, CROPLAND - ASSET VALUE, MEASURED IN $ / ACRE",9880.0
553,2008,COLORADO,8.0,"AG LAND, CROPLAND - ASSET VALUE, MEASURED IN $ / ACRE",1310.0
554,2008,DELAWARE,10.0,"AG LAND, CROPLAND - ASSET VALUE, MEASURED IN $ / ACRE",9800.0
555,2008,FLORIDA,12.0,"AG LAND, CROPLAND - ASSET VALUE, MEASURED IN $ / ACRE",6980.0
556,2008,GEORGIA,13.0,"AG LAND, CROPLAND - ASSET VALUE, MEASURED IN $ / ACRE",4540.0
557,2008,IDAHO,16.0,"AG LAND, CROPLAND - ASSET VALUE, MEASURED IN $ / ACRE",2800.0
558,2008,ILLINOIS,17.0,"AG LAND, CROPLAND - ASSET VALUE, MEASURED IN $ / ACRE",4850.0
559,2008,INDIANA,18.0,"AG LAND, CROPLAND - ASSET VALUE, MEASURED IN $ / ACRE",4140.0
560,2008,IOWA,19.0,"AG LAND, CROPLAND - ASSET VALUE, MEASURED IN $ / ACRE",4260.0
561,2008,KANSAS,20.0,"AG LAND, CROPLAND - ASSET VALUE, MEASURED IN $ / ACRE",1020.0
562,2008,KENTUCKY,21.0,"AG LAND, CROPLAND - ASSET VALUE, MEASURED IN $ / ACRE",3100.0
563,2008,LOUISIANA,22.0,"AG LAND, CROPLAND - ASSET VALUE, MEASURED IN $ / ACRE",1830.0
564,2008,MARYLAND,24.0,"AG LAND, CROPLAND - ASSET VALUE, MEASURED IN $ / ACRE",7800.0
565,2008,MICHIGAN,26.0,"AG LAND, CROPLAND - ASSET VALUE, MEASURED IN $ / ACRE",3480.0
566,2008,MINNESOTA,27.0,"AG LAND, CROPLAND - ASSET VALUE, MEASURED IN $ / ACRE",2700.0
567,2008,MISSISSIPPI,28.0,"AG LAND, CROPLAND - ASSET VALUE, MEASURED IN $ / ACRE",1810.0
568,2008,MISSOURI,29.0,"AG LAND, CROPLAND - ASSET VALUE, MEASURED IN $ / ACRE",2500.0
569,2008,MONTANA,30.0,"AG LAND, CROPLAND - ASSET VALUE, MEASURED IN $ / ACRE",811.0
570,2008,NEBRASKA,31.0,"AG LAND, CROPLAND - ASSET VALUE, MEASURED IN $ / ACRE",2050.0
571,2008,NEVADA,32.0,"AG LAND, CROPLAND - ASSET VALUE, MEASURED IN $ / ACRE",2740.0
572,2008,NEW JERSEY,34.0,"AG LAND, CROPLAND - ASSET VALUE, MEASURED IN $ / ACRE",15600.0
573,2008,NEW MEXICO,35.0,"AG LAND, CROPLAND - ASSET VALUE, MEASURED IN $ / ACRE",1630.0
574,2008,NEW YORK,36.0,"AG LAND, CROPLAND - ASSET VALUE, MEASURED IN $ / ACRE",2150.0
575,2008,NORTH CAROLINA,37.0,"AG LAND, CROPLAND - ASSET VALUE, MEASURED IN $ / ACRE",3850.0
576,2008,NORTH DAKOTA,38.0,"AG LAND, CROPLAND - ASSET VALUE, MEASURED IN $ / ACRE",810.0
577,2008,OHIO,39.0,"AG LAND, CROPLAND - ASSET VALUE, MEASURED IN $ / ACRE",4140.0
578,2008,OKLAHOMA,40.0,"AG LAND, CROPLAND - ASSET VALUE, MEASURED IN $ / ACRE",1110.0
579,2008,OREGON,41.0,"AG LAND, CROPLAND - ASSET VALUE, MEASURED IN $ / ACRE",2380.0
580,2008,OTHER STATES,,"AG LAND, CROPLAND - ASSET VALUE, MEASURED IN $ / ACRE",7930.0
581,2008,PENNSYLVANIA,42.0,"AG LAND, CROPLAND - ASSET VALUE, MEASURED IN $ / ACRE",6000.0
582,2008,SOUTH CAROLINA,45.0,"AG LAND, CROPLAND - ASSET VALUE, MEASURED IN $ / ACRE",2610.0
583,2008,SOUTH DAKOTA,46.0,"AG LAND, CROPLAND - ASSET VALUE, MEASURED IN $ / ACRE",1400.0
584,2008,TENNESSEE,47.0,"AG LAND, CROPLAND - ASSET VALUE, MEASURED IN $ / ACRE",3400.0
585,2008,TEXAS,48.0,"AG LAND, CROPLAND - ASSET VALUE, MEASURED IN $ / ACRE",1500.0
586,2008,UTAH,49.0,"AG LAND, CROPLAND - ASSET VALUE, MEASURED IN $ / ACRE",2700.0
587,2008,VIRGINIA,51.0,"AG LAND, CROPLAND - ASSET VALUE, MEASURED IN $ / ACRE",5350.0
588,2008,WASHINGTON,53.0,"AG LAND, CROPLAND - ASSET VALUE, MEASURED IN $ / ACRE",1830.0
589,2008,WEST VIRGINIA,54.0,"AG LAND, CROPLAND - ASSET VALUE, MEASURED IN $ / ACRE",3800.0
590,2008,WISCONSIN,55.0,"AG LAND, CROPLAND - ASSET VALUE, MEASURED IN $ / ACRE",3600.0
591,2008,WYOMING,56.0,"AG LAND, CROPLAND - ASSET VALUE, MEASURED IN $ / ACRE",1180.0
592,2007,ALABAMA,1.0,"AG LAND, CROPLAND - ASSET VALUE, MEASURED IN $ / ACRE",2450.0
593,2007,ARIZONA,4.0,"AG LAND, CROPLAND - ASSET VALUE, MEASURED IN $ / ACRE",10800.0
594,2007,ARKANSAS,5.0,"AG LAND, CROPLAND - ASSET VALUE, MEASURED IN $ / ACRE",1680.0
595,2007,CALIFORNIA,6.0,"AG LAND, CROPLAND - ASSET VALUE, MEASURED IN $ / ACRE",9700.0
596,2007,COLORADO,8.0,"AG LAND, CROPLAND - ASSET VALUE, MEASURED IN $ / ACRE",1270.0
597,2007,DELAWARE,10.0,"AG LAND, CROPLAND - ASSET VALUE, MEASURED IN $ / ACRE",10200.0
598,2007,FLORIDA,12.0,"AG LAND, CROPLAND - ASSET VALUE, MEASURED IN $ / ACRE",6860.0
599,2007,GEORGIA,13.0,"AG LAND, CROPLAND - ASSET VALUE, MEASURED IN $ / ACRE",4290.0
600,2007,IDAHO,16.0,"AG LAND, CROPLAND - ASSET VALUE, MEASURED IN $ / ACRE",2770.0
601,2007,ILLINOIS,17.0,"AG LAND, CROPLAND - ASSET VALUE, MEASURED IN $ / ACRE",4150.0
602,2007,INDIANA,18.0,"AG LAND, CROPLAND - ASSET VALUE, MEASURED IN $ / ACRE",3640.0
603,2007,IOWA,19.0,"AG LAND, CROPLAND - ASSET VALUE, MEASURED IN $ / ACRE",3600.0
604,2007,KANSAS,20.0,"AG LAND, CROPLAND - ASSET VALUE, MEASURED IN $ / ACRE",914.0
605,2007,KENTUCKY,21.0,"AG LAND, CROPLAND - ASSET VALUE, MEASURED IN $ / ACRE",2930.0
606,2007,LOUISIANA,22.0,"AG LAND, CROPLAND - ASSET VALUE, MEASURED IN $ / ACRE",1690.0
607,2007,MARYLAND,24.0,"AG LAND, CROPLAND - ASSET VALUE, MEASURED IN $ / ACRE",8400.0
608,2007,MICHIGAN,26.0,"AG LAND, CROPLAND - ASSET VALUE, MEASURED IN $ / ACRE",3280.0
609,2007,MINNESOTA,27.0,"AG LAND, CROPLAND - ASSET VALUE, MEASURED IN $ / ACRE",2420.0
610,2007,MISSISSIPPI,28.0,"AG LAND, CROPLAND - ASSET VALUE, MEASURED IN $ / ACRE",1710.0
611,2007,MISSOURI,29.0,"AG LAND, CROPLAND - ASSET VALUE, MEASURED IN $ / ACRE",2330.0
612,2007,MONTANA,30.0,"AG LAND, CROPLAND - ASSET VALUE, MEASURED IN $ / ACRE",784.0
613,2007,NEBRASKA,31.0,"AG LAND, CROPLAND - ASSET VALUE, MEASURED IN $ / ACRE",1760.0
614,2007,NEVADA,32.0,"AG LAND, CROPLAND - ASSET VALUE, MEASURED IN $ / ACRE",2720.0
615,2007,NEW JERSEY,34.0,"AG LAND, CROPLAND - ASSET VALUE, MEASURED IN $ / ACRE",16000.0
616,2007,NEW MEXICO,35.0,"AG LAND, CROPLAND - ASSET VALUE, MEASURED IN $ / ACRE",1570.0
617,2007,NEW YORK,36.0,"AG LAND, CROPLAND - ASSET VALUE, MEASURED IN $ / ACRE",1900.0
618,2007,NORTH CAROLINA,37.0,"AG LAND, CROPLAND - ASSET VALUE, MEASURED IN $ / ACRE",3720.0
619,2007,NORTH DAKOTA,38.0,"AG LAND, CROPLAND - ASSET VALUE, MEASURED IN $ / ACRE",670.0
620,2007,OHIO,39.0,"AG LAND, CROPLAND - ASSET VALUE, MEASURED IN $ / ACRE",3820.0
621,2007,OKLAHOMA,40.0,"AG LAND, CROPLAND - ASSET VALUE, MEASURED IN $ / ACRE",979.0
622,2007,OREGON,41.0,"AG LAND, CROPLAND - ASSET VALUE, MEASURED IN $ / ACRE",2280.0
623,2007,OTHER STATES,,"AG LAND, CROPLAND - ASSET VALUE, MEASURED IN $ / ACRE",7690.0
624,2007,PENNSYLVANIA,42.0,"AG LAND, CROPLAND - ASSET VALUE, MEASURED IN $ / ACRE",5330.0
625,2007,SOUTH CAROLINA,45.0,"AG LAND, CROPLAND - ASSET VALUE, MEASURED IN $ / ACRE",2430.0
626,2007,SOUTH DAKOTA,46.0,"AG LAND, CROPLAND - ASSET VALUE, MEASURED IN $ / ACRE",1180.0
627,2007,TENNESSEE,47.0,"AG LAND, CROPLAND - ASSET VALUE, MEASURED IN $ / ACRE",3200.0
628,2007,TEXAS,48.0,"AG LAND, CROPLAND - ASSET VALUE, MEASURED IN $ / ACRE",1360.0
629,2007,UTAH,49.0,"AG LAND, CROPLAND - ASSET VALUE, MEASURED IN $ / ACRE",2940.0
630,2007,VIRGINIA,51.0,"AG LAND, CROPLAND - ASSET VALUE, MEASURED IN $ / ACRE",5250.0
631,2007,WASHINGTON,53.0,"AG LAND, CROPLAND - ASSET VALUE, MEASURED IN $ / ACRE",1700.0
632,2007,WEST VIRGINIA,54.0,"AG LAND, CROPLAND - ASSET VALUE, MEASURED IN $ / ACRE",3600.0
633,2007,WISCONSIN,55.0,"AG LAND, CROPLAND - ASSET VALUE, MEASURED IN $ / ACRE",3370.0
634,2007,WYOMING,56.0,"AG LAND, CROPLAND - ASSET VALUE, MEASURED IN $ / ACRE",1150.0
635,2006,ALABAMA,1.0,"AG LAND, CROPLAND - ASSET VALUE, MEASURED IN $ / ACRE",2300.0
636,2006,ARIZONA,4.0,"AG LAND, CROPLAND - ASSET VALUE, MEASURED IN $ / ACRE",10500.0
637,2006,ARKANSAS,5.0,"AG LAND, CROPLAND - ASSET VALUE, MEASURED IN $ / ACRE",1550.0
638,2006,CALIFORNIA,6.0,"AG LAND, CROPLAND - ASSET VALUE, MEASURED IN $ / ACRE",8290.0
639,2006,COLORADO,8.0,"AG LAND, CROPLAND - ASSET VALUE, MEASURED IN $ / ACRE",1170.0
640,2006,DELAWARE,10.0,"AG LAND, CROPLAND - ASSET VALUE, MEASURED IN $ / ACRE",10000.0
641,2006,FLORIDA,12.0,"AG LAND, CROPLAND - ASSET VALUE, MEASURED IN $ / ACRE",6540.0
642,2006,GEORGIA,13.0,"AG LAND, CROPLAND - ASSET VALUE, MEASURED IN $ / ACRE",3620.0
643,2006,IDAHO,16.0,"AG LAND, CROPLAND - ASSET VALUE, MEASURED IN $ / ACRE",2450.0
644,2006,ILLINOIS,17.0,"AG LAND, CROPLAND - ASSET VALUE, MEASURED IN $ / ACRE",3640.0
645,2006,INDIANA,18.0,"AG LAND, CROPLAND - ASSET VALUE, MEASURED IN $ / ACRE",3250.0
646,2006,IOWA,19.0,"AG LAND, CROPLAND - ASSET VALUE, MEASURED IN $ / ACRE",3100.0
647,2006,KANSAS,20.0,"AG LAND, CROPLAND - ASSET VALUE, MEASURED IN $ / ACRE",854.0
648,2006,KENTUCKY,21.0,"AG LAND, CROPLAND - ASSET VALUE, MEASURED IN $ / ACRE",2810.0
649,2006,LOUISIANA,22.0,"AG LAND, CROPLAND - ASSET VALUE, MEASURED IN $ / ACRE",1530.0
650,2006,MARYLAND,24.0,"AG LAND, CROPLAND - ASSET VALUE, MEASURED IN $ / ACRE",8200.0
651,2006,MICHIGAN,26.0,"AG LAND, CROPLAND - ASSET VALUE, MEASURED IN $ / ACRE",2900.0
652,2006,MINNESOTA,27.0,"AG LAND, CROPLAND - ASSET VALUE, MEASURED IN $ / ACRE",2130.0
653,2006,MISSISSIPPI,28.0,"AG LAND, CROPLAND - ASSET VALUE, MEASURED IN $ / ACRE",1530.0
654,2006,MISSOURI,29.0,"AG LAND, CROPLAND - ASSET VALUE, MEASURED IN $ / ACRE",2010.0
655,2006,MONTANA,30.0,"AG LAND, CROPLAND - ASSET VALUE, MEASURED IN $ / ACRE",756.0
656,2006,NEBRASKA,31.0,"AG LAND, CROPLAND - ASSET VALUE, MEASURED IN $ / ACRE",1560.0
657,2006,NEVADA,32.0,"AG LAND, CROPLAND - ASSET VALUE, MEASURED IN $ / ACRE",2670.0
658,2006,NEW JERSEY,34.0,"AG LAND, CROPLAND - ASSET VALUE, MEASURED IN $ / ACRE",14900.0
659,2006,NEW MEXICO,35.0,"AG LAND, CROPLAND - ASSET VALUE, MEASURED IN $ / ACRE",1370.0
660,2006,NEW YORK,36.0,"AG LAND, CROPLAND - ASSET VALUE, MEASURED IN $ / ACRE",1800.0
661,2006,NORTH CAROLINA,37.0,"AG LAND, CROPLAND - ASSET VALUE, MEASURED IN $ / ACRE",3450.0
662,2006,NORTH DAKOTA,38.0,"AG LAND, CROPLAND - ASSET VALUE, MEASURED IN $ / ACRE",610.0
663,2006,OHIO,39.0,"AG LAND, CROPLAND - ASSET VALUE, MEASURED IN $ / ACRE",3470.0
664,2006,OKLAHOMA,40.0,"AG LAND, CROPLAND - ASSET VALUE, MEASURED IN $ / ACRE",889.0
665,2006,OREGON,41.0,"AG LAND, CROPLAND - ASSET VALUE, MEASURED IN $ / ACRE",1950.0
666,2006,OTHER STATES,,"AG LAND, CROPLAND - ASSET VALUE, MEASURED IN $ / ACRE",7370.0
667,2006,PENNSYLVANIA,42.0,"AG LAND, CROPLAND - ASSET VALUE, MEASURED IN $ / ACRE",4680.0
668,2006,SOUTH CAROLINA,45.0,"AG LAND, CROPLAND - ASSET VALUE, MEASURED IN $ / ACRE",2110.0
669,2006,SOUTH DAKOTA,46.0,"AG LAND, CROPLAND - ASSET VALUE, MEASURED IN $ / ACRE",1040.0
670,2006,TENNESSEE,47.0,"AG LAND, CROPLAND - ASSET VALUE, MEASURED IN $ / ACRE",2820.0
671,2006,TEXAS,48.0,"AG LAND, CROPLAND - ASSET VALUE, MEASURED IN $ / ACRE",1190.0
672,2006,UTAH,49.0,"AG LAND, CROPLAND - ASSET VALUE, MEASURED IN $ / ACRE",2620.0
673,2006,VIRGINIA,51.0,"AG LAND, CROPLAND - ASSET VALUE, MEASURED IN $ / ACRE",4800.0
674,2006,WASHINGTON,53.0,"AG LAND, CROPLAND - ASSET VALUE, MEASURED IN $ / ACRE",1620.0
675,2006,WEST VIRGINIA,54.0,"AG LAND, CROPLAND - ASSET VALUE, MEASURED IN $ / ACRE",3300.0
676,2006,WISCONSIN,55.0,"AG LAND, CROPLAND - ASSET VALUE, MEASURED IN $ / ACRE",2900.0
677,2006,WYOMING,56.0,"AG LAND, CROPLAND - ASSET VALUE, MEASURED IN $ / ACRE",970.0
678,2005,ALABAMA,1.0,"AG LAND, CROPLAND - ASSET VALUE, MEASURED IN $ / ACRE",2050.0
679,2005,ARIZONA,4.0,"AG LAND, CROPLAND - ASSET VALUE, MEASURED IN $ / ACRE",9000.0
680,2005,ARKANSAS,5.0,"AG LAND, CROPLAND - ASSET VALUE, MEASURED IN $ / ACRE",1440.0
681,2005,CALIFORNIA,6.0,"AG LAND, CROPLAND - ASSET VALUE, MEASURED IN $ / ACRE",7730.0
682,2005,COLORADO,8.0,"AG LAND, CROPLAND - ASSET VALUE, MEASURED IN $ / ACRE",1000.0
683,2005,DELAWARE,10.0,"AG LAND, CROPLAND - ASSET VALUE, MEASURED IN $ / ACRE",8100.0
684,2005,FLORIDA,12.0,"AG LAND, CROPLAND - ASSET VALUE, MEASURED IN $ / ACRE",6260.0
685,2005,GEORGIA,13.0,"AG LAND, CROPLAND - ASSET VALUE, MEASURED IN $ / ACRE",2700.0
686,2005,IDAHO,16.0,"AG LAND, CROPLAND - ASSET VALUE, MEASURED IN $ / ACRE",1810.0
687,2005,ILLINOIS,17.0,"AG LAND, CROPLAND - ASSET VALUE, MEASURED IN $ / ACRE",3250.0
688,2005,INDIANA,18.0,"AG LAND, CROPLAND - ASSET VALUE, MEASURED IN $ / ACRE",2980.0
689,2005,IOWA,19.0,"AG LAND, CROPLAND - ASSET VALUE, MEASURED IN $ / ACRE",2760.0
690,2005,KANSAS,20.0,"AG LAND, CROPLAND - ASSET VALUE, MEASURED IN $ / ACRE",806.0
691,2005,KENTUCKY,21.0,"AG LAND, CROPLAND - ASSET VALUE, MEASURED IN $ / ACRE",2450.0
692,2005,LOUISIANA,22.0,"AG LAND, CROPLAND - ASSET VALUE, MEASURED IN $ / ACRE",1450.0
693,2005,MARYLAND,24.0,"AG LAND, CROPLAND - ASSET VALUE, MEASURED IN $ / ACRE",7200.0
694,2005,MICHIGAN,26.0,"AG LAND, CROPLAND - ASSET VALUE, MEASURED IN $ / ACRE",2680.0
695,2005,MINNESOTA,27.0,"AG LAND, CROPLAND - ASSET VALUE, MEASURED IN $ / ACRE",1920.0
696,2005,MISSISSIPPI,28.0,"AG LAND, CROPLAND - ASSET VALUE, MEASURED IN $ / ACRE",1370.0
697,2005,MISSOURI,29.0,"AG LAND, CROPLAND - ASSET VALUE, MEASURED IN $ / ACRE",1830.0
698,2005,MONTANA,30.0,"AG LAND, CROPLAND - ASSET VALUE, MEASURED IN $ / ACRE",588.0
699,2005,NEBRASKA,31.0,"AG LAND, CROPLAND - ASSET VALUE, MEASURED IN $ / ACRE",1420.0
700,2005,NEVADA,32.0,"AG LAND, CROPLAND - ASSET VALUE, MEASURED IN $ / ACRE",2180.0
701,2005,NEW JERSEY,34.0,"AG LAND, CROPLAND - ASSET VALUE, MEASURED IN $ / ACRE",13000.0
702,2005,NEW MEXICO,35.0,"AG LAND, CROPLAND - ASSET VALUE, MEASURED IN $ / ACRE",1140.0
703,2005,NEW YORK,36.0,"AG LAND, CROPLAND - ASSET VALUE, MEASURED IN $ / ACRE",1520.0
704,2005,NORTH CAROLINA,37.0,"AG LAND, CROPLAND - ASSET VALUE, MEASURED IN $ / ACRE",3350.0
705,2005,NORTH DAKOTA,38.0,"AG LAND, CROPLAND - ASSET VALUE, MEASURED IN $ / ACRE",550.0
706,2005,OHIO,39.0,"AG LAND, CROPLAND - ASSET VALUE, MEASURED IN $ / ACRE",3190.0
707,2005,OKLAHOMA,40.0,"AG LAND, CROPLAND - ASSET VALUE, MEASURED IN $ / ACRE",845.0
708,2005,OREGON,41.0,"AG LAND, CROPLAND - ASSET VALUE, MEASURED IN $ / ACRE",1760.0
709,2005,OTHER STATES,,"AG LAND, CROPLAND - ASSET VALUE, MEASURED IN $ / ACRE",6770.0
710,2005,PENNSYLVANIA,42.0,"AG LAND, CROPLAND - ASSET VALUE, MEASURED IN $ / ACRE",4030.0
711,2005,SOUTH CAROLINA,45.0,"AG LAND, CROPLAND - ASSET VALUE, MEASURED IN $ / ACRE",2020.0
712,2005,SOUTH DAKOTA,46.0,"AG LAND, CROPLAND - ASSET VALUE, MEASURED IN $ / ACRE",876.0
713,2005,TENNESSEE,47.0,"AG LAND, CROPLAND - ASSET VALUE, MEASURED IN $ / ACRE",2590.0
714,2005,TEXAS,48.0,"AG LAND, CROPLAND - ASSET VALUE, MEASURED IN $ / ACRE",1030.0
715,2005,UTAH,49.0,"AG LAND, CROPLAND - ASSET VALUE, MEASURED IN $ / ACRE",2170.0
716,2005,VIRGINIA,51.0,"AG LAND, CROPLAND - ASSET VALUE, MEASURED IN $ / ACRE",3850.0
717,2005,WASHINGTON,53.0,"AG LAND, CROPLAND - ASSET VALUE, MEASURED IN $ / ACRE",1560.0
718,2005,WEST VIRGINIA,54.0,"AG LAND, CROPLAND - ASSET VALUE, MEASURED IN $ / ACRE",3200.0
719,2005,WISCONSIN,55.0,"AG LAND, CROPLAND - ASSET VALUE, MEASURED IN $ / ACRE",2540.0
720,2005,WYOMING,56.0,"AG LAND, CROPLAND - ASSET VALUE, MEASURED IN $ / ACRE",812.0
721,2004,ALABAMA,1.0,"AG LAND, CROPLAND - ASSET VALUE, MEASURED IN $ / ACRE",1750.0
722,2004,ARIZONA,4.0,"AG LAND, CROPLAND - ASSET VALUE, MEASURED IN $ / ACRE",6400.0
723,2004,ARKANSAS,5.0,"AG LAND, CROPLAND - ASSET VALUE, MEASURED IN $ / ACRE",1280.0
724,2004,CALIFORNIA,6.0,"AG LAND, CROPLAND - ASSET VALUE, MEASURED IN $ / ACRE",5500.0
725,2004,COLORADO,8.0,"AG LAND, CROPLAND - ASSET VALUE, MEASURED IN $ / ACRE",891.0
726,2004,DELAWARE,10.0,"AG LAND, CROPLAND - ASSET VALUE, MEASURED IN $ / ACRE",5800.0
727,2004,FLORIDA,12.0,"AG LAND, CROPLAND - ASSET VALUE, MEASURED IN $ / ACRE",3400.0
728,2004,GEORGIA,13.0,"AG LAND, CROPLAND - ASSET VALUE, MEASURED IN $ / ACRE",2240.0
729,2004,IDAHO,16.0,"AG LAND, CROPLAND - ASSET VALUE, MEASURED IN $ / ACRE",1500.0
730,2004,ILLINOIS,17.0,"AG LAND, CROPLAND - ASSET VALUE, MEASURED IN $ / ACRE",2650.0
731,2004,INDIANA,18.0,"AG LAND, CROPLAND - ASSET VALUE, MEASURED IN $ / ACRE",2730.0
732,2004,IOWA,19.0,"AG LAND, CROPLAND - ASSET VALUE, MEASURED IN $ / ACRE",2310.0
733,2004,KANSAS,20.0,"AG LAND, CROPLAND - ASSET VALUE, MEASURED IN $ / ACRE",688.0
734,2004,KENTUCKY,21.0,"AG LAND, CROPLAND - ASSET VALUE, MEASURED IN $ / ACRE",2210.0
735,2004,LOUISIANA,22.0,"AG LAND, CROPLAND - ASSET VALUE, MEASURED IN $ / ACRE",1280.0
736,2004,MARYLAND,24.0,"AG LAND, CROPLAND - ASSET VALUE, MEASURED IN $ / ACRE",5500.0
737,2004,MICHIGAN,26.0,"AG LAND, CROPLAND - ASSET VALUE, MEASURED IN $ / ACRE",2520.0
738,2004,MINNESOTA,27.0,"AG LAND, CROPLAND - ASSET VALUE, MEASURED IN $ / ACRE",1680.0
739,2004,MISSISSIPPI,28.0,"AG LAND, CROPLAND - ASSET VALUE, MEASURED IN $ / ACRE",1200.0
740,2004,MISSOURI,29.0,"AG LAND, CROPLAND - ASSET VALUE, MEASURED IN $ / ACRE",1660.0
741,2004,MONTANA,30.0,"AG LAND, CROPLAND - ASSET VALUE, MEASURED IN $ / ACRE",503.0
742,2004,NEBRASKA,31.0,"AG LAND, CROPLAND - ASSET VALUE, MEASURED IN $ / ACRE",1260.0
743,2004,NEVADA,32.0,"AG LAND, CROPLAND - ASSET VALUE, MEASURED IN $ / ACRE",1900.0
744,2004,NEW JERSEY,34.0,"AG LAND, CROPLAND - ASSET VALUE, MEASURED IN $ / ACRE",11300.0
745,2004,NEW MEXICO,35.0,"AG LAND, CROPLAND - ASSET VALUE, MEASURED IN $ / ACRE",1010.0
746,2004,NEW YORK,36.0,"AG LAND, CROPLAND - ASSET VALUE, MEASURED IN $ / ACRE",1460.0
747,2004,NORTH CAROLINA,37.0,"AG LAND, CROPLAND - ASSET VALUE, MEASURED IN $ / ACRE",3100.0
748,2004,NORTH DAKOTA,38.0,"AG LAND, CROPLAND - ASSET VALUE, MEASURED IN $ / ACRE",490.0
749,2004,OHIO,39.0,"AG LAND, CROPLAND - ASSET VALUE, MEASURED IN $ / ACRE",2920.0
750,2004,OKLAHOMA,40.0,"AG LAND, CROPLAND - ASSET VALUE, MEASURED IN $ / ACRE",695.0
751,2004,OREGON,41.0,"AG LAND, CROPLAND - ASSET VALUE, MEASURED IN $ / ACRE",1590.0
752,2004,OTHER STATES,,"AG LAND, CROPLAND - ASSET VALUE, MEASURED IN $ / ACRE",6270.0
753,2004,PENNSYLVANIA,42.0,"AG LAND, CROPLAND - ASSET VALUE, MEASURED IN $ / ACRE",3600.0
754,2004,SOUTH CAROLINA,45.0,"AG LAND, CROPLAND - ASSET VALUE, MEASURED IN $ / ACRE",1840.0
755,2004,SOUTH DAKOTA,46.0,"AG LAND, CROPLAND - ASSET VALUE, MEASURED IN $ / ACRE",736.0
756,2004,TENNESSEE,47.0,"AG LAND, CROPLAND - ASSET VALUE, MEASURED IN $ / ACRE",2390.0
757,2004,TEXAS,48.0,"AG LAND, CROPLAND - ASSET VALUE, MEASURED IN $ / ACRE",960.0
758,2004,UTAH,49.0,"AG LAND, CROPLAND - ASSET VALUE, MEASURED IN $ / ACRE",2040.0
759,2004,VIRGINIA,51.0,"AG LAND, CROPLAND - ASSET VALUE, MEASURED IN $ / ACRE",3200.0
760,2004,WASHINGTON,53.0,"AG LAND, CROPLAND - ASSET VALUE, MEASURED IN $ / ACRE",1470.0
761,2004,WEST VIRGINIA,54.0,"AG LAND, CROPLAND - ASSET VALUE, MEASURED IN $ / ACRE",2200.0
762,2004,WISCONSIN,55.0,"AG LAND, CROPLAND - ASSET VALUE, MEASURED IN $ / ACRE",2320.0
763,2004,WYOMING,56.0,"AG LAND, CROPLAND - ASSET VALUE, MEASURED IN $ / ACRE",690.0
764,2003,ALABAMA,1.0,"AG LAND, CROPLAND - ASSET VALUE, MEASURED IN $ / ACRE",1700.0
765,2003,ARIZONA,4.0,"AG LAND, CROPLAND - ASSET VALUE, MEASURED IN $ / ACRE",6000.0
766,2003,ARKANSAS,5.0,"AG LAND, CROPLAND - ASSET VALUE, MEASURED IN $ / ACRE",1220.0
767,2003,CALIFORNIA,6.0,"AG LAND, CROPLAND - ASSET VALUE, MEASURED IN $ / ACRE",5920.0
768,2003,COLORADO,8.0,"AG LAND, CROPLAND - ASSET VALUE, MEASURED IN $ / ACRE",1050.0
769,2003,DELAWARE,10.0,"AG LAND, CROPLAND - ASSET VALUE, MEASURED IN $ / ACRE",3850.0
770,2003,FLORIDA,12.0,"AG LAND, CROPLAND - ASSET VALUE, MEASURED IN $ / ACRE",3690.0
771,2003,GEORGIA,13.0,"AG LAND, CROPLAND - ASSET VALUE, MEASURED IN $ / ACRE",2150.0
772,2003,IDAHO,16.0,"AG LAND, CROPLAND - ASSET VALUE, MEASURED IN $ / ACRE",1680.0
773,2003,ILLINOIS,17.0,"AG LAND, CROPLAND - ASSET VALUE, MEASURED IN $ / ACRE",2500.0
774,2003,INDIANA,18.0,"AG LAND, CROPLAND - ASSET VALUE, MEASURED IN $ / ACRE",2550.0
775,2003,IOWA,19.0,"AG LAND, CROPLAND - ASSET VALUE, MEASURED IN $ / ACRE",2120.0
776,2003,KANSAS,20.0,"AG LAND, CROPLAND - ASSET VALUE, MEASURED IN $ / ACRE",684.0
777,2003,KENTUCKY,21.0,"AG LAND, CROPLAND - ASSET VALUE, MEASURED IN $ / ACRE",2100.0
778,2003,LOUISIANA,22.0,"AG LAND, CROPLAND - ASSET VALUE, MEASURED IN $ / ACRE",1240.0
779,2003,MARYLAND,24.0,"AG LAND, CROPLAND - ASSET VALUE, MEASURED IN $ / ACRE",4000.0
780,2003,MICHIGAN,26.0,"AG LAND, CROPLAND - ASSET VALUE, MEASURED IN $ / ACRE",2350.0
781,2003,MINNESOTA,27.0,"AG LAND, CROPLAND - ASSET VALUE, MEASURED IN $ / ACRE",1520.0
782,2003,MISSISSIPPI,28.0,"AG LAND, CROPLAND - ASSET VALUE, MEASURED IN $ / ACRE",1160.0
783,2003,MISSOURI,29.0,"AG LAND, CROPLAND - ASSET VALUE, MEASURED IN $ / ACRE",1580.0
784,2003,MONTANA,30.0,"AG LAND, CROPLAND - ASSET VALUE, MEASURED IN $ / ACRE",520.0
785,2003,NEBRASKA,31.0,"AG LAND, CROPLAND - ASSET VALUE, MEASURED IN $ / ACRE",1210.0
786,2003,NEVADA,32.0,"AG LAND, CROPLAND - ASSET VALUE, MEASURED IN $ / ACRE",1900.0
787,2003,NEW JERSEY,34.0,"AG LAND, CROPLAND - ASSET VALUE, MEASURED IN $ / ACRE",9300.0
788,2003,NEW MEXICO,35.0,"AG LAND, CROPLAND - ASSET VALUE, MEASURED IN $ / ACRE",1470.0
789,2003,NEW YORK,36.0,"AG LAND, CROPLAND - ASSET VALUE, MEASURED IN $ / ACRE",1390.0
790,2003,NORTH CAROLINA,37.0,"AG LAND, CROPLAND - ASSET VALUE, MEASURED IN $ / ACRE",2950.0
791,2003,NORTH DAKOTA,38.0,"AG LAND, CROPLAND - ASSET VALUE, MEASURED IN $ / ACRE",460.0
792,2003,OHIO,39.0,"AG LAND, CROPLAND - ASSET VALUE, MEASURED IN $ / ACRE",2750.0
793,2003,OKLAHOMA,40.0,"AG LAND, CROPLAND - ASSET VALUE, MEASURED IN $ / ACRE",668.0
794,2003,OREGON,41.0,"AG LAND, CROPLAND - ASSET VALUE, MEASURED IN $ / ACRE",1670.0
795,2003,OTHER STATES,,"AG LAND, CROPLAND - ASSET VALUE, MEASURED IN $ / ACRE",5920.0
796,2003,PENNSYLVANIA,42.0,"AG LAND, CROPLAND - ASSET VALUE, MEASURED IN $ / ACRE",3500.0
797,2003,SOUTH CAROLINA,45.0,"AG LAND, CROPLAND - ASSET VALUE, MEASURED IN $ / ACRE",1750.0
798,2003,SOUTH DAKOTA,46.0,"AG LAND, CROPLAND - ASSET VALUE, MEASURED IN $ / ACRE",681.0
799,2003,TENNESSEE,47.0,"AG LAND, CROPLAND - ASSET VALUE, MEASURED IN $ / ACRE",2350.0
800,2003,TEXAS,48.0,"AG LAND, CROPLAND - ASSET VALUE, MEASURED IN $ / ACRE",937.0
801,2003,UTAH,49.0,"AG LAND, CROPLAND - ASSET VALUE, MEASURED IN $ / ACRE",2960.0
802,2003,VIRGINIA,51.0,"AG LAND, CROPLAND - ASSET VALUE, MEASURED IN $ / ACRE",2800.0
803,2003,WASHINGTON,53.0,"AG LAND, CROPLAND - ASSET VALUE, MEASURED IN $ / ACRE",1470.0
804,2003,WEST VIRGINIA,54.0,"AG LAND, CROPLAND - ASSET VALUE, MEASURED IN $ / ACRE",2050.0
805,2003,WISCONSIN,55.0,"AG LAND, CROPLAND - ASSET VALUE, MEASURED IN $ / ACRE",2200.0
806,2003,WYOMING,56.0,"AG LAND, CROPLAND - ASSET VALUE, MEASURED IN $ / ACRE",957.0
807,2002,ALABAMA,1.0,"AG LAND, CROPLAND - ASSET VALUE, MEASURED IN $ / ACRE",1600.0
808,2002,ARIZONA,4.0,"AG LAND, CROPLAND - ASSET VALUE, MEASURED IN $ / ACRE",5600.0
809,2002,ARKANSAS,5.0,"AG LAND, CROPLAND - ASSET VALUE, MEASURED IN $ / ACRE",1180.0
810,2002,CALIFORNIA,6.0,"AG LAND, CROPLAND - ASSET VALUE, MEASURED IN $ / ACRE",5730.0
811,2002,COLORADO,8.0,"AG LAND, CROPLAND - ASSET VALUE, MEASURED IN $ / ACRE",999.0
812,2002,DELAWARE,10.0,"AG LAND, CROPLAND - ASSET VALUE, MEASURED IN $ / ACRE",3500.0
813,2002,FLORIDA,12.0,"AG LAND, CROPLAND - ASSET VALUE, MEASURED IN $ / ACRE",3730.0
814,2002,GEORGIA,13.0,"AG LAND, CROPLAND - ASSET VALUE, MEASURED IN $ / ACRE",1970.0
815,2002,IDAHO,16.0,"AG LAND, CROPLAND - ASSET VALUE, MEASURED IN $ / ACRE",1600.0
816,2002,ILLINOIS,17.0,"AG LAND, CROPLAND - ASSET VALUE, MEASURED IN $ / ACRE",2430.0
817,2002,INDIANA,18.0,"AG LAND, CROPLAND - ASSET VALUE, MEASURED IN $ / ACRE",2440.0
818,2002,IOWA,19.0,"AG LAND, CROPLAND - ASSET VALUE, MEASURED IN $ / ACRE",2040.0
819,2002,KANSAS,20.0,"AG LAND, CROPLAND - ASSET VALUE, MEASURED IN $ / ACRE",679.0
820,2002,KENTUCKY,21.0,"AG LAND, CROPLAND - ASSET VALUE, MEASURED IN $ / ACRE",2000.0
821,2002,LOUISIANA,22.0,"AG LAND, CROPLAND - ASSET VALUE, MEASURED IN $ / ACRE",1190.0
822,2002,MARYLAND,24.0,"AG LAND, CROPLAND - ASSET VALUE, MEASURED IN $ / ACRE",3900.0
823,2002,MICHIGAN,26.0,"AG LAND, CROPLAND - ASSET VALUE, MEASURED IN $ / ACRE",2150.0
824,2002,MINNESOTA,27.0,"AG LAND, CROPLAND - ASSET VALUE, MEASURED IN $ / ACRE",1430.0
825,2002,MISSISSIPPI,28.0,"AG LAND, CROPLAND - ASSET VALUE, MEASURED IN $ / ACRE",1100.0
826,2002,MISSOURI,29.0,"AG LAND, CROPLAND - ASSET VALUE, MEASURED IN $ / ACRE",1480.0
827,2002,MONTANA,30.0,"AG LAND, CROPLAND - ASSET VALUE, MEASURED IN $ / ACRE",503.0
828,2002,NEBRASKA,31.0,"AG LAND, CROPLAND - ASSET VALUE, MEASURED IN $ / ACRE",1200.0
829,2002,NEVADA,32.0,"AG LAND, CROPLAND - ASSET VALUE, MEASURED IN $ / ACRE",1850.0
830,2002,NEW JERSEY,34.0,"AG LAND, CROPLAND - ASSET VALUE, MEASURED IN $ / ACRE",9000.0
831,2002,NEW MEXICO,35.0,"AG LAND, CROPLAND - ASSET VALUE, MEASURED IN $ / ACRE",1440.0
832,2002,NEW YORK,36.0,"AG LAND, CROPLAND - ASSET VALUE, MEASURED IN $ / ACRE",1320.0
833,2002,NORTH CAROLINA,37.0,"AG LAND, CROPLAND - ASSET VALUE, MEASURED IN $ / ACRE",2750.0
834,2002,NORTH DAKOTA,38.0,"AG LAND, CROPLAND - ASSET VALUE, MEASURED IN $ / ACRE",450.0
835,2002,OHIO,39.0,"AG LAND, CROPLAND - ASSET VALUE, MEASURED IN $ / ACRE",2630.0
836,2002,OKLAHOMA,40.0,"AG LAND, CROPLAND - ASSET VALUE, MEASURED IN $ / ACRE",643.0
837,2002,OREGON,41.0,"AG LAND, CROPLAND - ASSET VALUE, MEASURED IN $ / ACRE",1650.0
838,2002,OTHER STATES,,"AG LAND, CROPLAND - ASSET VALUE, MEASURED IN $ / ACRE",5240.0
839,2002,PENNSYLVANIA,42.0,"AG LAND, CROPLAND - ASSET VALUE, MEASURED IN $ / ACRE",3350.0
840,2002,SOUTH CAROLINA,45.0,"AG LAND, CROPLAND - ASSET VALUE, MEASURED IN $ / ACRE",1600.0
841,2002,SOUTH DAKOTA,46.0,"AG LAND, CROPLAND - ASSET VALUE, MEASURED IN $ / ACRE",626.0
842,2002,TENNESSEE,47.0,"AG LAND, CROPLAND - ASSET VALUE, MEASURED IN $ / ACRE",2270.0
843,2002,TEXAS,48.0,"AG LAND, CROPLAND - ASSET VALUE, MEASURED IN $ / ACRE",871.0
844,2002,UTAH,49.0,"AG LAND, CROPLAND - ASSET VALUE, MEASURED IN $ / ACRE",2880.0
845,2002,VIRGINIA,51.0,"AG LAND, CROPLAND - ASSET VALUE, MEASURED IN $ / ACRE",2550.0
846,2002,WASHINGTON,53.0,"AG LAND, CROPLAND - ASSET VALUE, MEASURED IN $ / ACRE",1450.0
847,2002,WEST VIRGINIA,54.0,"AG LAND, CROPLAND - ASSET VALUE, MEASURED IN $ / ACRE",1920.0
848,2002,WISCONSIN,55.0,"AG LAND, CROPLAND - ASSET VALUE, MEASURED IN $ / ACRE",2000.0
849,2002,WYOMING,56.0,"AG LAND, CROPLAND - ASSET VALUE, MEASURED IN $ / ACRE",915.0
850,2001,ALABAMA,1.0,"AG LAND, CROPLAND - ASSET VALUE, MEASURED IN $ / ACRE",1530.0
851,2001,ARIZONA,4.0,"AG LAND, CROPLAND - ASSET VALUE, MEASURED IN $ / ACRE",4800.0
852,2001,ARKANSAS,5.0,"AG LAND, CROPLAND - ASSET VALUE, MEASURED IN $ / ACRE",1140.0
853,2001,CALIFORNIA,6.0,"AG LAND, CROPLAND - ASSET VALUE, MEASURED IN $ / ACRE",5550.0
854,2001,COLORADO,8.0,"AG LAND, CROPLAND - ASSET VALUE, MEASURED IN $ / ACRE",966.0
855,2001,DELAWARE,10.0,"AG LAND, CROPLAND - ASSET VALUE, MEASURED IN $ / ACRE",3250.0
856,2001,FLORIDA,12.0,"AG LAND, CROPLAND - ASSET VALUE, MEASURED IN $ / ACRE",3720.0
857,2001,GEORGIA,13.0,"AG LAND, CROPLAND - ASSET VALUE, MEASURED IN $ / ACRE",1780.0
858,2001,IDAHO,16.0,"AG LAND, CROPLAND - ASSET VALUE, MEASURED IN $ / ACRE",1530.0
859,2001,ILLINOIS,17.0,"AG LAND, CROPLAND - ASSET VALUE, MEASURED IN $ / ACRE",2370.0
860,2001,INDIANA,18.0,"AG LAND, CROPLAND - ASSET VALUE, MEASURED IN $ / ACRE",2330.0
861,2001,IOWA,19.0,"AG LAND, CROPLAND - ASSET VALUE, MEASURED IN $ / ACRE",1980.0
862,2001,KANSAS,20.0,"AG LAND, CROPLAND - ASSET VALUE, MEASURED IN $ / ACRE",673.0
863,2001,KENTUCKY,21.0,"AG LAND, CROPLAND - ASSET VALUE, MEASURED IN $ / ACRE",1900.0
864,2001,LOUISIANA,22.0,"AG LAND, CROPLAND - ASSET VALUE, MEASURED IN $ / ACRE",1160.0
865,2001,MARYLAND,24.0,"AG LAND, CROPLAND - ASSET VALUE, MEASURED IN $ / ACRE",3700.0
866,2001,MICHIGAN,26.0,"AG LAND, CROPLAND - ASSET VALUE, MEASURED IN $ / ACRE",1980.0
867,2001,MINNESOTA,27.0,"AG LAND, CROPLAND - ASSET VALUE, MEASURED IN $ / ACRE",1350.0
868,2001,MISSISSIPPI,28.0,"AG LAND, CROPLAND - ASSET VALUE, MEASURED IN $ / ACRE",1040.0
869,2001,MISSOURI,29.0,"AG LAND, CROPLAND - ASSET VALUE, MEASURED IN $ / ACRE",1380.0
870,2001,MONTANA,30.0,"AG LAND, CROPLAND - ASSET VALUE, MEASURED IN $ / ACRE",493.0
871,2001,NEBRASKA,31.0,"AG LAND, CROPLAND - ASSET VALUE, MEASURED IN $ / ACRE",1160.0
872,2001,NEVADA,32.0,"AG LAND, CROPLAND - ASSET VALUE, MEASURED IN $ / ACRE",1850.0
873,2001,NEW JERSEY,34.0,"AG LAND, CROPLAND - ASSET VALUE, MEASURED IN $ / ACRE",8700.0
874,2001,NEW MEXICO,35.0,"AG LAND, CROPLAND - ASSET VALUE, MEASURED IN $ / ACRE",1420.0
875,2001,NEW YORK,36.0,"AG LAND, CROPLAND - ASSET VALUE, MEASURED IN $ / ACRE",1250.0
876,2001,NORTH CAROLINA,37.0,"AG LAND, CROPLAND - ASSET VALUE, MEASURED IN $ / ACRE",2550.0
877,2001,NORTH DAKOTA,38.0,"AG LAND, CROPLAND - ASSET VALUE, MEASURED IN $ / ACRE",445.0
878,2001,OHIO,39.0,"AG LAND, CROPLAND - ASSET VALUE, MEASURED IN $ / ACRE",2520.0
879,2001,OKLAHOMA,40.0,"AG LAND, CROPLAND - ASSET VALUE, MEASURED IN $ / ACRE",619.0
880,2001,OREGON,41.0,"AG LAND, CROPLAND - ASSET VALUE, MEASURED IN $ / ACRE",1600.0
881,2001,OTHER STATES,,"AG LAND, CROPLAND - ASSET VALUE, MEASURED IN $ / ACRE",3510.0
882,2001,PENNSYLVANIA,42.0,"AG LAND, CROPLAND - ASSET VALUE, MEASURED IN $ / ACRE",3180.0
883,2001,SOUTH CAROLINA,45.0,"AG LAND, CROPLAND - ASSET VALUE, MEASURED IN $ / ACRE",1450.0
884,2001,SOUTH DAKOTA,46.0,"AG LAND, CROPLAND - ASSET VALUE, MEASURED IN $ / ACRE",585.0
885,2001,TENNESSEE,47.0,"AG LAND, CROPLAND - ASSET VALUE, MEASURED IN $ / ACRE",2200.0
886,2001,TEXAS,48.0,"AG LAND, CROPLAND - ASSET VALUE, MEASURED IN $ / ACRE",805.0
887,2001,UTAH,49.0,"AG LAND, CROPLAND - ASSET VALUE, MEASURED IN $ / ACRE",2790.0
888,2001,VIRGINIA,51.0,"AG LAND, CROPLAND - ASSET VALUE, MEASURED IN $ / ACRE",2350.0
889,2001,WASHINGTON,53.0,"AG LAND, CROPLAND - ASSET VALUE, MEASURED IN $ / ACRE",1430.0
890,2001,WEST VIRGINIA,54.0,"AG LAND, CROPLAND - ASSET VALUE, MEASURED IN $ / ACRE",1800.0
891,2001,WISCONSIN,55.0,"AG LAND, CROPLAND - ASSET VALUE, MEASURED IN $ / ACRE",1800.0
892,2001,WYOMING,56.0,"AG LAND, CROPLAND - ASSET VALUE, MEASURED IN $ / ACRE",872.0
893,2000,ALABAMA,1.0,"AG LAND, CROPLAND - ASSET VALUE, MEASURED IN $ / ACRE",1450.0
894,2000,ARIZONA,4.0,"AG LAND, CROPLAND - ASSET VALUE, MEASURED IN $ / ACRE",4400.0
895,2000,ARKANSAS,5.0,"AG LAND, CROPLAND - ASSET VALUE, MEASURED IN $ / ACRE",1100.0
896,2000,CALIFORNIA,6.0,"AG LAND, CROPLAND - ASSET VALUE, MEASURED IN $ / ACRE",5450.0
897,2000,COLORADO,8.0,"AG LAND, CROPLAND - ASSET VALUE, MEASURED IN $ / ACRE",922.0
898,2000,DELAWARE,10.0,"AG LAND, CROPLAND - ASSET VALUE, MEASURED IN $ / ACRE",3000.0
899,2000,FLORIDA,12.0,"AG LAND, CROPLAND - ASSET VALUE, MEASURED IN $ / ACRE",3550.0
900,2000,GEORGIA,13.0,"AG LAND, CROPLAND - ASSET VALUE, MEASURED IN $ / ACRE",1600.0
901,2000,IDAHO,16.0,"AG LAND, CROPLAND - ASSET VALUE, MEASURED IN $ / ACRE",1470.0
902,2000,ILLINOIS,17.0,"AG LAND, CROPLAND - ASSET VALUE, MEASURED IN $ / ACRE",2350.0
903,2000,INDIANA,18.0,"AG LAND, CROPLAND - ASSET VALUE, MEASURED IN $ / ACRE",2250.0
904,2000,IOWA,19.0,"AG LAND, CROPLAND - ASSET VALUE, MEASURED IN $ / ACRE",1940.0
905,2000,KANSAS,20.0,"AG LAND, CROPLAND - ASSET VALUE, MEASURED IN $ / ACRE",666.0
906,2000,KENTUCKY,21.0,"AG LAND, CROPLAND - ASSET VALUE, MEASURED IN $ / ACRE",1800.0
907,2000,LOUISIANA,22.0,"AG LAND, CROPLAND - ASSET VALUE, MEASURED IN $ / ACRE",1130.0
908,2000,MARYLAND,24.0,"AG LAND, CROPLAND - ASSET VALUE, MEASURED IN $ / ACRE",3500.0
909,2000,MICHIGAN,26.0,"AG LAND, CROPLAND - ASSET VALUE, MEASURED IN $ / ACRE",1820.0
910,2000,MINNESOTA,27.0,"AG LAND, CROPLAND - ASSET VALUE, MEASURED IN $ / ACRE",1280.0
911,2000,MISSISSIPPI,28.0,"AG LAND, CROPLAND - ASSET VALUE, MEASURED IN $ / ACRE",985.0
912,2000,MISSOURI,29.0,"AG LAND, CROPLAND - ASSET VALUE, MEASURED IN $ / ACRE",1300.0
913,2000,MONTANA,30.0,"AG LAND, CROPLAND - ASSET VALUE, MEASURED IN $ / ACRE",481.0
914,2000,NEBRASKA,31.0,"AG LAND, CROPLAND - ASSET VALUE, MEASURED IN $ / ACRE",1130.0
915,2000,NEVADA,32.0,"AG LAND, CROPLAND - ASSET VALUE, MEASURED IN $ / ACRE",1850.0
916,2000,NEW JERSEY,34.0,"AG LAND, CROPLAND - ASSET VALUE, MEASURED IN $ / ACRE",8400.0
917,2000,NEW MEXICO,35.0,"AG LAND, CROPLAND - ASSET VALUE, MEASURED IN $ / ACRE",1390.0
918,2000,NEW YORK,36.0,"AG LAND, CROPLAND - ASSET VALUE, MEASURED IN $ / ACRE",1180.0
919,2000,NORTH CAROLINA,37.0,"AG LAND, CROPLAND - ASSET VALUE, MEASURED IN $ / ACRE",2350.0
920,2000,NORTH DAKOTA,38.0,"AG LAND, CROPLAND - ASSET VALUE, MEASURED IN $ / ACRE",440.0
921,2000,OHIO,39.0,"AG LAND, CROPLAND - ASSET VALUE, MEASURED IN $ / ACRE",2400.0
922,2000,OKLAHOMA,40.0,"AG LAND, CROPLAND - ASSET VALUE, MEASURED IN $ / ACRE",600.0
923,2000,OREGON,41.0,"AG LAND, CROPLAND - ASSET VALUE, MEASURED IN $ / ACRE",1550.0
924,2000,OTHER STATES,,"AG LAND, CROPLAND - ASSET VALUE, MEASURED IN $ / ACRE",3240.0
925,2000,PENNSYLVANIA,42.0,"AG LAND, CROPLAND - ASSET VALUE, MEASURED IN $ / ACRE",3000.0
926,2000,SOUTH CAROLINA,45.0,"AG LAND, CROPLAND - ASSET VALUE, MEASURED IN $ / ACRE",1350.0
927,2000,SOUTH DAKOTA,46.0,"AG LAND, CROPLAND - ASSET VALUE, MEASURED IN $ / ACRE",545.0
928,2000,TENNESSEE,47.0,"AG LAND, CROPLAND - ASSET VALUE, MEASURED IN $ / ACRE",2120.0
929,2000,TEXAS,48.0,"AG LAND, CROPLAND - ASSET VALUE, MEASURED IN $ / ACRE",769.0
930,2000,UTAH,49.0,"AG LAND, CROPLAND - ASSET VALUE, MEASURED IN $ / ACRE",2620.0
931,2000,VIRGINIA,51.0,"AG LAND, CROPLAND - ASSET VALUE, MEASURED IN $ / ACRE",2150.0
932,2000,WASHINGTON,53.0,"AG LAND, CROPLAND - ASSET VALUE, MEASURED IN $ / ACRE",1420.0
933,2000,WEST VIRGINIA,54.0,"AG LAND, CROPLAND - ASSET VALUE, MEASURED IN $ / ACRE",1700.0
934,2000,WISCONSIN,55.0,"AG LAND, CROPLAND - ASSET VALUE, MEASURED IN $ / ACRE",1600.0
935,2000,WYOMING,56.0,"AG LAND, CROPLAND - ASSET VALUE, MEASURED IN $ / ACRE",830.0
936,1999,ALABAMA,1.0,"AG LAND, CROPLAND - ASSET VALUE, MEASURED IN $ / ACRE",1350.0
937,1999,ARIZONA,4.0,"AG LAND, CROPLAND - ASSET VALUE, MEASURED IN $ / ACRE",4100.0
938,1999,ARKANSAS,5.0,"AG LAND, CROPLAND - ASSET VALUE, MEASURED IN $ / ACRE",1070.0
939,1999,CALIFORNIA,6.0,"AG LAND, CROPLAND - ASSET VALUE, MEASURED IN $ / ACRE",5360.0
940,1999,COLORADO,8.0,"AG LAND, CROPLAND - ASSET VALUE, MEASURED IN $ / ACRE",867.0
941,1999,DELAWARE,10.0,"AG LAND, CROPLAND - ASSET VALUE, MEASURED IN $ / ACRE",2800.0
942,1999,FLORIDA,12.0,"AG LAND, CROPLAND - ASSET VALUE, MEASURED IN $ / ACRE",3460.0
943,1999,GEORGIA,13.0,"AG LAND, CROPLAND - ASSET VALUE, MEASURED IN $ / ACRE",1380.0
944,1999,IDAHO,16.0,"AG LAND, CROPLAND - ASSET VALUE, MEASURED IN $ / ACRE",1410.0
945,1999,ILLINOIS,17.0,"AG LAND, CROPLAND - ASSET VALUE, MEASURED IN $ / ACRE",2320.0
946,1999,INDIANA,18.0,"AG LAND, CROPLAND - ASSET VALUE, MEASURED IN $ / ACRE",2180.0
947,1999,IOWA,19.0,"AG LAND, CROPLAND - ASSET VALUE, MEASURED IN $ / ACRE",1900.0
948,1999,KANSAS,20.0,"AG LAND, CROPLAND - ASSET VALUE, MEASURED IN $ / ACRE",660.0
949,1999,KENTUCKY,21.0,"AG LAND, CROPLAND - ASSET VALUE, MEASURED IN $ / ACRE",1700.0
950,1999,LOUISIANA,22.0,"AG LAND, CROPLAND - ASSET VALUE, MEASURED IN $ / ACRE",1090.0
951,1999,MARYLAND,24.0,"AG LAND, CROPLAND - ASSET VALUE, MEASURED IN $ / ACRE",3200.0
952,1999,MICHIGAN,26.0,"AG LAND, CROPLAND - ASSET VALUE, MEASURED IN $ / ACRE",1650.0
953,1999,MINNESOTA,27.0,"AG LAND, CROPLAND - ASSET VALUE, MEASURED IN $ / ACRE",1230.0
954,1999,MISSISSIPPI,28.0,"AG LAND, CROPLAND - ASSET VALUE, MEASURED IN $ / ACRE",930.0
955,1999,MISSOURI,29.0,"AG LAND, CROPLAND - ASSET VALUE, MEASURED IN $ / ACRE",1220.0
956,1999,MONTANA,30.0,"AG LAND, CROPLAND - ASSET VALUE, MEASURED IN $ / ACRE",471.0
957,1999,NEBRASKA,31.0,"AG LAND, CROPLAND - ASSET VALUE, MEASURED IN $ / ACRE",1080.0
958,1999,NEVADA,32.0,"AG LAND, CROPLAND - ASSET VALUE, MEASURED IN $ / ACRE",1850.0
959,1999,NEW JERSEY,34.0,"AG LAND, CROPLAND - ASSET VALUE, MEASURED IN $ / ACRE",8200.0
960,1999,NEW MEXICO,35.0,"AG LAND, CROPLAND - ASSET VALUE, MEASURED IN $ / ACRE",1390.0
961,1999,NEW YORK,36.0,"AG LAND, CROPLAND - ASSET VALUE, MEASURED IN $ / ACRE",1110.0
962,1999,NORTH CAROLINA,37.0,"AG LAND, CROPLAND - ASSET VALUE, MEASURED IN $ / ACRE",2150.0
963,1999,NORTH DAKOTA,38.0,"AG LAND, CROPLAND - ASSET VALUE, MEASURED IN $ / ACRE",440.0
964,1999,OHIO,39.0,"AG LAND, CROPLAND - ASSET VALUE, MEASURED IN $ / ACRE",2270.0
965,1999,OKLAHOMA,40.0,"AG LAND, CROPLAND - ASSET VALUE, MEASURED IN $ / ACRE",586.0
966,1999,OREGON,41.0,"AG LAND, CROPLAND - ASSET VALUE, MEASURED IN $ / ACRE",1500.0
967,1999,OTHER STATES,,"AG LAND, CROPLAND - ASSET VALUE, MEASURED IN $ / ACRE",2840.0
968,1999,PENNSYLVANIA,42.0,"AG LAND, CROPLAND - ASSET VALUE, MEASURED IN $ / ACRE",2870.0
969,1999,SOUTH CAROLINA,45.0,"AG LAND, CROPLAND - ASSET VALUE, MEASURED IN $ / ACRE",1250.0
970,1999,SOUTH DAKOTA,46.0,"AG LAND, CROPLAND - ASSET VALUE, MEASURED IN $ / ACRE",505.0
971,1999,TENNESSEE,47.0,"AG LAND, CROPLAND - ASSET VALUE, MEASURED IN $ / ACRE",2050.0
972,1999,TEXAS,48.0,"AG LAND, CROPLAND - ASSET VALUE, MEASURED IN $ / ACRE",727.0
973,1999,UTAH,49.0,"AG LAND, CROPLAND - ASSET VALUE, MEASURED IN $ / ACRE",2540.0
974,1999,VIRGINIA,51.0,"AG LAND, CROPLAND - ASSET VALUE, MEASURED IN $ / ACRE",1980.0
975,1999,WASHINGTON,53.0,"AG LAND, CROPLAND - ASSET VALUE, MEASURED IN $ / ACRE",1410.0
976,1999,WEST VIRGINIA,54.0,"AG LAND, CROPLAND - ASSET VALUE, MEASURED IN $ / ACRE",1630.0
977,1999,WISCONSIN,55.0,"AG LAND, CROPLAND - ASSET VALUE, MEASURED IN $ / ACRE",1350.0
978,1999,WYOMING,56.0,"AG LAND, CROPLAND - ASSET VALUE, MEASURED IN $ / ACRE",807.0
979,1998,ALABAMA,1.0,"AG LAND, CROPLAND - ASSET VALUE, MEASURED IN $ / ACRE",1260.0
980,1998,ARIZONA,4.0,"AG LAND, CROPLAND - ASSET VALUE, MEASURED IN $ / ACRE",3800.0
981,1998,ARKANSAS,5.0,"AG LAND, CROPLAND - ASSET VALUE, MEASURED IN $ / ACRE",1030.0
982,1998,CALIFORNIA,6.0,"AG LAND, CROPLAND - ASSET VALUE, MEASURED IN $ / ACRE",5260.0
983,1998,COLORADO,8.0,"AG LAND, CROPLAND - ASSET VALUE, MEASURED IN $ / ACRE",809.0
984,1998,DELAWARE,10.0,"AG LAND, CROPLAND - ASSET VALUE, MEASURED IN $ / ACRE",2620.0
985,1998,FLORIDA,12.0,"AG LAND, CROPLAND - ASSET VALUE, MEASURED IN $ / ACRE",3230.0
986,1998,GEORGIA,13.0,"AG LAND, CROPLAND - ASSET VALUE, MEASURED IN $ / ACRE",1140.0
987,1998,IDAHO,16.0,"AG LAND, CROPLAND - ASSET VALUE, MEASURED IN $ / ACRE",1370.0
988,1998,ILLINOIS,17.0,"AG LAND, CROPLAND - ASSET VALUE, MEASURED IN $ / ACRE",2240.0
989,1998,INDIANA,18.0,"AG LAND, CROPLAND - ASSET VALUE, MEASURED IN $ / ACRE",2100.0
990,1998,IOWA,19.0,"AG LAND, CROPLAND - ASSET VALUE, MEASURED IN $ / ACRE",1860.0
991,1998,KANSAS,20.0,"AG LAND, CROPLAND - ASSET VALUE, MEASURED IN $ / ACRE",655.0
992,1998,KENTUCKY,21.0,"AG LAND, CROPLAND - ASSET VALUE, MEASURED IN $ / ACRE",1620.0
993,1998,LOUISIANA,22.0,"AG LAND, CROPLAND - ASSET VALUE, MEASURED IN $ / ACRE",1060.0
994,1998,MARYLAND,24.0,"AG LAND, CROPLAND - ASSET VALUE, MEASURED IN $ / ACRE",3100.0
995,1998,MICHIGAN,26.0,"AG LAND, CROPLAND - ASSET VALUE, MEASURED IN $ / ACRE",1480.0
996,1998,MINNESOTA,27.0,"AG LAND, CROPLAND - ASSET VALUE, MEASURED IN $ / ACRE",1160.0
997,1998,MISSISSIPPI,28.0,"AG LAND, CROPLAND - ASSET VALUE, MEASURED IN $ / ACRE",878.0
998,1998,MISSOURI,29.0,"AG LAND, CROPLAND - ASSET VALUE, MEASURED IN $ / ACRE",1130.0
999,1998,MONTANA,30.0,"AG LAND, CROPLAND - ASSET VALUE, MEASURED IN $ / ACRE",463.0
1000,1998,NEBRASKA,31.0,"AG LAND, CROPLAND - ASSET VALUE, MEASURED IN $ / ACRE",1040.0
1001,1998,NEVADA,32.0,"AG LAND, CROPLAND - ASSET VALUE, MEASURED IN $ / ACRE",1850.0
1002,1998,NEW JERSEY,34.0,"AG LAND, CROPLAND - ASSET VALUE, MEASURED IN $ / ACRE",8000.0
1003,1998,NEW MEXICO,35.0,"AG LAND, CROPLAND - ASSET VALUE, MEASURED IN $ / ACRE",1380.0
1004,1998,NEW YORK,36.0,"AG LAND, CROPLAND - ASSET VALUE, MEASURED IN $ / ACRE",1040.0
1005,1998,NORTH CAROLINA,37.0,"AG LAND, CROPLAND - ASSET VALUE, MEASURED IN $ / ACRE",1950.0
1006,1998,NORTH DAKOTA,38.0,"AG LAND, CROPLAND - ASSET VALUE, MEASURED IN $ / ACRE",440.0
1007,1998,OHIO,39.0,"AG LAND, CROPLAND - ASSET VALUE, MEASURED IN $ / ACRE",2150.0
1008,1998,OKLAHOMA,40.0,"AG LAND, CROPLAND - ASSET VALUE, MEASURED IN $ / ACRE",577.0
1009,1998,OREGON,41.0,"AG LAND, CROPLAND - ASSET VALUE, MEASURED IN $ / ACRE",1430.0
1010,1998,OTHER STATES,,"AG LAND, CROPLAND - ASSET VALUE, MEASURED IN $ / ACRE",4290.0
1011,1998,PENNSYLVANIA,42.0,"AG LAND, CROPLAND - ASSET VALUE, MEASURED IN $ / ACRE",2740.0
1012,1998,SOUTH CAROLINA,45.0,"AG LAND, CROPLAND - ASSET VALUE, MEASURED IN $ / ACRE",1160.0
1013,1998,SOUTH DAKOTA,46.0,"AG LAND, CROPLAND - ASSET VALUE, MEASURED IN $ / ACRE",479.0
1014,1998,TENNESSEE,47.0,"AG LAND, CROPLAND - ASSET VALUE, MEASURED IN $ / ACRE",1970.0
1015,1998,TEXAS,48.0,"AG LAND, CROPLAND - ASSET VALUE, MEASURED IN $ / ACRE",701.0
1016,1998,UTAH,49.0,"AG LAND, CROPLAND - ASSET VALUE, MEASURED IN $ / ACRE",2390.0
1017,1998,VIRGINIA,51.0,"AG LAND, CROPLAND - ASSET VALUE, MEASURED IN $ / ACRE",1880.0
1018,1998,WASHINGTON,53.0,"AG LAND, CROPLAND - ASSET VALUE, MEASURED IN $ / ACRE",1430.0
1019,1998,WEST VIRGINIA,54.0,"AG LAND, CROPLAND - ASSET VALUE, MEASURED IN $ / ACRE",1600.0
1020,1998,WISCONSIN,55.0,"AG LAND, CROPLAND - ASSET VALUE, MEASURED IN $ / ACRE",1130.0
1021,1998,WYOMING,56.0,"AG LAND, CROPLAND - ASSET VALUE, MEASURED IN $ / ACRE",777.0
1022,1997,ALABAMA,1.0,"AG LAND, CROPLAND - ASSET VALUE, MEASURED IN $ / ACRE",1200.0
1023,1997,ARIZONA,4.0,"AG LAND, CROPLAND - ASSET VALUE, MEASURED IN $ / ACRE",3700.0
1024,1997,ARKANSAS,5.0,"AG LAND, CROPLAND - ASSET VALUE, MEASURED IN $ / ACRE",968.0
1025,1997,CALIFORNIA,6.0,"AG LAND, CROPLAND - ASSET VALUE, MEASURED IN $ / ACRE",5080.0
1026,1997,COLORADO,8.0,"AG LAND, CROPLAND - ASSET VALUE, MEASURED IN $ / ACRE",772.0
1027,1997,DELAWARE,10.0,"AG LAND, CROPLAND - ASSET VALUE, MEASURED IN $ / ACRE",2500.0
1028,1997,FLORIDA,12.0,"AG LAND, CROPLAND - ASSET VALUE, MEASURED IN $ / ACRE",3280.0
1029,1997,GEORGIA,13.0,"AG LAND, CROPLAND - ASSET VALUE, MEASURED IN $ / ACRE",1060.0
1030,1997,IDAHO,16.0,"AG LAND, CROPLAND - ASSET VALUE, MEASURED IN $ / ACRE",1320.0
1031,1997,ILLINOIS,17.0,"AG LAND, CROPLAND - ASSET VALUE, MEASURED IN $ / ACRE",2070.0
1032,1997,INDIANA,18.0,"AG LAND, CROPLAND - ASSET VALUE, MEASURED IN $ / ACRE",1900.0
1033,1997,IOWA,19.0,"AG LAND, CROPLAND - ASSET VALUE, MEASURED IN $ / ACRE",1700.0
1034,1997,KANSAS,20.0,"AG LAND, CROPLAND - ASSET VALUE, MEASURED IN $ / ACRE",649.0
1035,1997,KENTUCKY,21.0,"AG LAND, CROPLAND - ASSET VALUE, MEASURED IN $ / ACRE",1500.0
1036,1997,LOUISIANA,22.0,"AG LAND, CROPLAND - ASSET VALUE, MEASURED IN $ / ACRE",1080.0
1037,1997,MARYLAND,24.0,"AG LAND, CROPLAND - ASSET VALUE, MEASURED IN $ / ACRE",3050.0
1038,1997,MICHIGAN,26.0,"AG LAND, CROPLAND - ASSET VALUE, MEASURED IN $ / ACRE",1360.0
1039,1997,MINNESOTA,27.0,"AG LAND, CROPLAND - ASSET VALUE, MEASURED IN $ / ACRE",1090.0
1040,1997,MISSISSIPPI,28.0,"AG LAND, CROPLAND - ASSET VALUE, MEASURED IN $ / ACRE",821.0
1041,1997,MISSOURI,29.0,"AG LAND, CROPLAND - ASSET VALUE, MEASURED IN $ / ACRE",1040.0
1042,1997,MONTANA,30.0,"AG LAND, CROPLAND - ASSET VALUE, MEASURED IN $ / ACRE",458.0
1043,1997,NEBRASKA,31.0,"AG LAND, CROPLAND - ASSET VALUE, MEASURED IN $ / ACRE",1020.0
1044,1997,NEVADA,32.0,"AG LAND, CROPLAND - ASSET VALUE, MEASURED IN $ / ACRE",1700.0
1045,1997,NEW JERSEY,34.0,"AG LAND, CROPLAND - ASSET VALUE, MEASURED IN $ / ACRE",8500.0
1046,1997,NEW MEXICO,35.0,"AG LAND, CROPLAND - ASSET VALUE, MEASURED IN $ / ACRE",1330.0
1047,1997,NEW YORK,36.0,"AG LAND, CROPLAND - ASSET VALUE, MEASURED IN $ / ACRE",1020.0
1048,1997,NORTH CAROLINA,37.0,"AG LAND, CROPLAND - ASSET VALUE, MEASURED IN $ / ACRE",1880.0
1049,1997,NORTH DAKOTA,38.0,"AG LAND, CROPLAND - ASSET VALUE, MEASURED IN $ / ACRE",427.0
1050,1997,OHIO,39.0,"AG LAND, CROPLAND - ASSET VALUE, MEASURED IN $ / ACRE",1990.0
1051,1997,OKLAHOMA,40.0,"AG LAND, CROPLAND - ASSET VALUE, MEASURED IN $ / ACRE",553.0
1052,1997,OREGON,41.0,"AG LAND, CROPLAND - ASSET VALUE, MEASURED IN $ / ACRE",1430.0
1053,1997,PENNSYLVANIA,42.0,"AG LAND, CROPLAND - ASSET VALUE, MEASURED IN $ / ACRE",2650.0
1054,1997,SOUTH CAROLINA,45.0,"AG LAND, CROPLAND - ASSET VALUE, MEASURED IN $ / ACRE",1090.0
1055,1997,SOUTH DAKOTA,46.0,"AG LAND, CROPLAND - ASSET VALUE, MEASURED IN $ / ACRE",456.0
1056,1997,TENNESSEE,47.0,"AG LAND, CROPLAND - ASSET VALUE, MEASURED IN $ / ACRE",1830.0
1057,1997,TEXAS,48.0,"AG LAND, CROPLAND - ASSET VALUE, MEASURED IN $ / ACRE",674.0
1058,1997,UTAH,49.0,"AG LAND, CROPLAND - ASSET VALUE, MEASURED IN $ / ACRE",2300.0
1059,1997,VIRGINIA,51.0,"AG LAND, CROPLAND - ASSET VALUE, MEASURED IN $ / ACRE",1820.0
1060,1997,WASHINGTON,53.0,"AG LAND, CROPLAND - ASSET VALUE, MEASURED IN $ / ACRE",1340.0
1061,1997,WEST VIRGINIA,54.0,"AG LAND, CROPLAND - ASSET VALUE, MEASURED IN $ / ACRE",1540.0
1062,1997,WISCONSIN,55.0,"AG LAND, CROPLAND - ASSET VALUE, MEASURED IN $ / ACRE",1040.0
1063,1997,WYOMING,56.0,"AG LAND, CROPLAND - ASSET VALUE, MEASURED IN $ / ACRE",744.0
