Domain Code,Domain,Area Code (FAO),Area,Element Code,Element,Item Code,Item,Year Code,Year,Unit,Value,Flag,Flag Description
"RL","Land Use","5100","Africa","5110","Area","6602","Agriculture","2010","2010","1000 ha","1138134.805","A","Aggregate, may include official, semi-official, estimated or calculated data"
"RL","Land Use","5100","Africa","5110","Area","6602","Agriculture","2011","2011","1000 ha","1141480.488","A","Aggregate, may include official, semi-official, estimated or calculated data"
"RL","Land Use","5100","Africa","5110","Area","6602","Agriculture","2012","2012","1000 ha","1109281.4615","A","Aggregate, may include official, semi-official, estimated or calculated data"
"RL","Land Use","5100","Africa","5110","Area","6602","Agriculture","2013","2013","1000 ha","1113335.87","A","Aggregate, may include official, semi-official, estimated or calculated data"
"RL","Land Use","5100","Africa","5110","Area","6602","Agriculture","2014","2014","1000 ha","1114665.0725","A","Aggregate, may include official, semi-official, estimated or calculated data"
"RL","Land Use","5100","Africa","5110","Area","6602","Agriculture","2015","2015","1000 ha","1115806.2271","A","Aggregate, may include official, semi-official, estimated or calculated data"
"RL","Land Use","5100","Africa","5110","Area","6602","Agriculture","2016","2016","1000 ha","1118210.665","A","Aggregate, may include official, semi-official, estimated or calculated data"
"RL","Land Use","5100","Africa","5110","Area","6602","Agriculture","2017","2017","1000 ha","1119303.4828","A","Aggregate, may include official, semi-official, estimated or calculated data"
"RL","Land Use","5100","Africa","5110","Area","6602","Agriculture","2018","2018","1000 ha","1120011.5475","A","Aggregate, may include official, semi-official, estimated or calculated data"
"RL","Land Use","5100","Africa","5110","Area","6602","Agriculture","2019","2019","1000 ha","1118689.1748","A","Aggregate, may include official, semi-official, estimated or calculated data"
"RL","Land Use","5100","Africa","5110","Area","6610","Agricultural land","2010","2010","1000 ha","1138134.805","A","Aggregate, may include official, semi-official, estimated or calculated data"
"RL","Land Use","5100","Africa","5110","Area","6610","Agricultural land","2011","2011","1000 ha","1141480.488","A","Aggregate, may include official, semi-official, estimated or calculated data"
"RL","Land Use","5100","Africa","5110","Area","6610","Agricultural land","2012","2012","1000 ha","1109281.4615","A","Aggregate, may include official, semi-official, estimated or calculated data"
"RL","Land Use","5100","Africa","5110","Area","6610","Agricultural land","2013","2013","1000 ha","1113335.87","A","Aggregate, may include official, semi-official, estimated or calculated data"
"RL","Land Use","5100","Africa","5110","Area","6610","Agricultural land","2014","2014","1000 ha","1114665.0725","A","Aggregate, may include official, semi-official, estimated or calculated data"
"RL","Land Use","5100","Africa","5110","Area","6610","Agricultural land","2015","2015","1000 ha","1115806.2271","A","Aggregate, may include official, semi-official, estimated or calculated data"
"RL","Land Use","5100","Africa","5110","Area","6610","Agricultural land","2016","2016","1000 ha","1118122.765","A","Aggregate, may include official, semi-official, estimated or calculated data"
"RL","Land Use","5100","Africa","5110","Area","6610","Agricultural land","2017","2017","1000 ha","1119215.5828","A","Aggregate, may include official, semi-official, estimated or calculated data"
"RL","Land Use","5100","Africa","5110","Area","6610","Agricultural land","2018","2018","1000 ha","1119923.6475","A","Aggregate, may include official, semi-official, estimated or calculated data"
"RL","Land Use","5100","Africa","5110","Area","6610","Agricultural land","2019","2019","1000 ha","1118601.2748","A","Aggregate, may include official, semi-official, estimated or calculated data"
"RL","Land Use","5100","Africa","5110","Area","6620","Cropland","2010","2010","1000 ha","257910.125","A","Aggregate, may include official, semi-official, estimated or calculated data"
"RL","Land Use","5100","Africa","5110","Area","6620","Cropland","2011","2011","1000 ha","262008.47","A","Aggregate, may include official, semi-official, estimated or calculated data"
"RL","Land Use","5100","Africa","5110","Area","6620","Cropland","2012","2012","1000 ha","273437.9275","A","Aggregate, may include official, semi-official, estimated or calculated data"
"RL","Land Use","5100","Africa","5110","Area","6620","Cropland","2013","2013","1000 ha","275139.305","A","Aggregate, may include official, semi-official, estimated or calculated data"
"RL","Land Use","5100","Africa","5110","Area","6620","Cropland","2014","2014","1000 ha","275458.6625","A","Aggregate, may include official, semi-official, estimated or calculated data"
"RL","Land Use","5100","Africa","5110","Area","6620","Cropland","2015","2015","1000 ha","275523.7371","A","Aggregate, may include official, semi-official, estimated or calculated data"
"RL","Land Use","5100","Africa","5110","Area","6620","Cropland","2016","2016","1000 ha","277006.8129","A","Aggregate, may include official, semi-official, estimated or calculated data"
"RL","Land Use","5100","Africa","5110","Area","6620","Cropland","2017","2017","1000 ha","277279.6781","A","Aggregate, may include official, semi-official, estimated or calculated data"
"RL","Land Use","5100","Africa","5110","Area","6620","Cropland","2018","2018","1000 ha","277053.4755","A","Aggregate, may include official, semi-official, estimated or calculated data"
"RL","Land Use","5100","Africa","5110","Area","6620","Cropland","2019","2019","1000 ha","275731.1228","A","Aggregate, may include official, semi-official, estimated or calculated data"
"RL","Land Use","5100","Africa","5110","Area","6621","Arable land","2010","2010","1000 ha","224943.5304","A","Aggregate, may include official, semi-official, estimated or calculated data"
"RL","Land Use","5100","Africa","5110","Area","6621","Arable land","2011","2011","1000 ha","228720.0255","A","Aggregate, may include official, semi-official, estimated or calculated data"
"RL","Land Use","5100","Africa","5110","Area","6621","Arable land","2012","2012","1000 ha","237267.7906","A","Aggregate, may include official, semi-official, estimated or calculated data"
"RL","Land Use","5100","Africa","5110","Area","6621","Arable land","2013","2013","1000 ha","238525.1306","A","Aggregate, may include official, semi-official, estimated or calculated data"
"RL","Land Use","5100","Africa","5110","Area","6621","Arable land","2014","2014","1000 ha","238401.0907","A","Aggregate, may include official, semi-official, estimated or calculated data"
"RL","Land Use","5100","Africa","5110","Area","6621","Arable land","2015","2015","1000 ha","238473.4678","A","Aggregate, may include official, semi-official, estimated or calculated data"
"RL","Land Use","5100","Africa","5110","Area","6621","Arable land","2016","2016","1000 ha","239858.4462","A","Aggregate, may include official, semi-official, estimated or calculated data"
"RL","Land Use","5100","Africa","5110","Area","6621","Arable land","2017","2017","1000 ha","240121.426","A","Aggregate, may include official, semi-official, estimated or calculated data"
"RL","Land Use","5100","Africa","5110","Area","6621","Arable land","2018","2018","1000 ha","239767.9979","A","Aggregate, may include official, semi-official, estimated or calculated data"
"RL","Land Use","5100","Africa","5110","Area","6621","Arable land","2019","2019","1000 ha","238469.4408","A","Aggregate, may include official, semi-official, estimated or calculated data"
"RL","Land Use","5100","Africa","5110","Area","6646","Forest land","2010","2010","1000 ha","676015.37","A","Aggregate, may include official, semi-official, estimated or calculated data"
"RL","Land Use","5100","Africa","5110","Area","6646","Forest land","2011","2011","1000 ha","672108.76","A","Aggregate, may include official, semi-official, estimated or calculated data"
"RL","Land Use","5100","Africa","5110","Area","6646","Forest land","2012","2012","1000 ha","668202.15","A","Aggregate, may include official, semi-official, estimated or calculated data"
"RL","Land Use","5100","Africa","5110","Area","6646","Forest land","2013","2013","1000 ha","664295.54","A","Aggregate, may include official, semi-official, estimated or calculated data"
"RL","Land Use","5100","Africa","5110","Area","6646","Forest land","2014","2014","1000 ha","660388.93","A","Aggregate, may include official, semi-official, estimated or calculated data"
"RL","Land Use","5100","Africa","5110","Area","6646","Forest land","2015","2015","1000 ha","656482.32","A","Aggregate, may include official, semi-official, estimated or calculated data"
"RL","Land Use","5100","Africa","5110","Area","6646","Forest land","2016","2016","1000 ha","652481.3843","A","Aggregate, may include official, semi-official, estimated or calculated data"
"RL","Land Use","5100","Africa","5110","Area","6646","Forest land","2017","2017","1000 ha","648548.99","A","Aggregate, may include official, semi-official, estimated or calculated data"
"RL","Land Use","5100","Africa","5110","Area","6646","Forest land","2018","2018","1000 ha","644618.828","A","Aggregate, may include official, semi-official, estimated or calculated data"
"RL","Land Use","5100","Africa","5110","Area","6646","Forest land","2019","2019","1000 ha","640608.55","A","Aggregate, may include official, semi-official, estimated or calculated data"
"RL","Land Use","5200","Americas","5110","Area","6602","Agriculture","2010","2010","1000 ha","1140587.05","A","Aggregate, may include official, semi-official, estimated or calculated data"
"RL","Land Use","5200","Americas","5110","Area","6602","Agriculture","2011","2011","1000 ha","1137026.544","A","Aggregate, may include official, semi-official, estimated or calculated data"
"RL","Land Use","5200","Americas","5110","Area","6602","Agriculture","2012","2012","1000 ha","1135804.2818","A","Aggregate, may include official, semi-official, estimated or calculated data"
"RL","Land Use","5200","Americas","5110","Area","6602","Agriculture","2013","2013","1000 ha","1139248.582","A","Aggregate, may include official, semi-official, estimated or calculated data"
"RL","Land Use","5200","Americas","5110","Area","6602","Agriculture","2014","2014","1000 ha","1134762.51","A","Aggregate, may include official, semi-official, estimated or calculated data"
"RL","Land Use","5200","Americas","5110","Area","6602","Agriculture","2015","2015","1000 ha","1133582.34","A","Aggregate, may include official, semi-official, estimated or calculated data"
"RL","Land Use","5200","Americas","5110","Area","6602","Agriculture","2016","2016","1000 ha","1130849.85","A","Aggregate, may include official, semi-official, estimated or calculated data"
"RL","Land Use","5200","Americas","5110","Area","6602","Agriculture","2017","2017","1000 ha","1132609.5938","A","Aggregate, may include official, semi-official, estimated or calculated data"
"RL","Land Use","5200","Americas","5110","Area","6602","Agriculture","2018","2018","1000 ha","1129785.8045","A","Aggregate, may include official, semi-official, estimated or calculated data"
"RL","Land Use","5200","Americas","5110","Area","6602","Agriculture","2019","2019","1000 ha","1129334.8045","A","Aggregate, may include official, semi-official, estimated or calculated data"
"RL","Land Use","5200","Americas","5110","Area","6610","Agricultural land","2010","2010","1000 ha","1140587.05","A","Aggregate, may include official, semi-official, estimated or calculated data"
"RL","Land Use","5200","Americas","5110","Area","6610","Agricultural land","2011","2011","1000 ha","1137026.544","A","Aggregate, may include official, semi-official, estimated or calculated data"
"RL","Land Use","5200","Americas","5110","Area","6610","Agricultural land","2012","2012","1000 ha","1135804.2818","A","Aggregate, may include official, semi-official, estimated or calculated data"
"RL","Land Use","5200","Americas","5110","Area","6610","Agricultural land","2013","2013","1000 ha","1137064.582","A","Aggregate, may include official, semi-official, estimated or calculated data"
"RL","Land Use","5200","Americas","5110","Area","6610","Agricultural land","2014","2014","1000 ha","1132926.51","A","Aggregate, may include official, semi-official, estimated or calculated data"
"RL","Land Use","5200","Americas","5110","Area","6610","Agricultural land","2015","2015","1000 ha","1131877.34","A","Aggregate, may include official, semi-official, estimated or calculated data"
"RL","Land Use","5200","Americas","5110","Area","6610","Agricultural land","2016","2016","1000 ha","1129276.85","A","Aggregate, may include official, semi-official, estimated or calculated data"
"RL","Land Use","5200","Americas","5110","Area","6610","Agricultural land","2017","2017","1000 ha","1131035.5938","A","Aggregate, may include official, semi-official, estimated or calculated data"
"RL","Land Use","5200","Americas","5110","Area","6610","Agricultural land","2018","2018","1000 ha","1128210.8045","A","Aggregate, may include official, semi-official, estimated or calculated data"
"RL","Land Use","5200","Americas","5110","Area","6610","Agricultural land","2019","2019","1000 ha","1127759.8045","A","Aggregate, may include official, semi-official, estimated or calculated data"
"RL","Land Use","5200","Americas","5110","Area","6620","Cropland","2010","2010","1000 ha","366684.27","A","Aggregate, may include official, semi-official, estimated or calculated data"
"RL","Land Use","5200","Americas","5110","Area","6620","Cropland","2011","2011","1000 ha","366060.42","A","Aggregate, may include official, semi-official, estimated or calculated data"
"RL","Land Use","5200","Americas","5110","Area","6620","Cropland","2012","2012","1000 ha","366034.16","A","Aggregate, may include official, semi-official, estimated or calculated data"
"RL","Land Use","5200","Americas","5110","Area","6620","Cropland","2013","2013","1000 ha","367232.9","A","Aggregate, may include official, semi-official, estimated or calculated data"
"RL","Land Use","5200","Americas","5110","Area","6620","Cropland","2014","2014","1000 ha","366572.77","A","Aggregate, may include official, semi-official, estimated or calculated data"
"RL","Land Use","5200","Americas","5110","Area","6620","Cropland","2015","2015","1000 ha","366821.8","A","Aggregate, may include official, semi-official, estimated or calculated data"
"RL","Land Use","5200","Americas","5110","Area","6620","Cropland","2016","2016","1000 ha","365698.7","A","Aggregate, may include official, semi-official, estimated or calculated data"
"RL","Land Use","5200","Americas","5110","Area","6620","Cropland","2017","2017","1000 ha","369851.07","A","Aggregate, may include official, semi-official, estimated or calculated data"
"RL","Land Use","5200","Americas","5110","Area","6620","Cropland","2018","2018","1000 ha","368734.7697","A","Aggregate, may include official, semi-official, estimated or calculated data"
"RL","Land Use","5200","Americas","5110","Area","6620","Cropland","2019","2019","1000 ha","368197.9297","A","Aggregate, may include official, semi-official, estimated or calculated data"
"RL","Land Use","5200","Americas","5110","Area","6621","Arable land","2010","2010","1000 ha","340284.27","A","Aggregate, may include official, semi-official, estimated or calculated data"
"RL","Land Use","5200","Americas","5110","Area","6621","Arable land","2011","2011","1000 ha","339657.22","A","Aggregate, may include official, semi-official, estimated or calculated data"
"RL","Land Use","5200","Americas","5110","Area","6621","Arable land","2012","2012","1000 ha","339932.46","A","Aggregate, may include official, semi-official, estimated or calculated data"
"RL","Land Use","5200","Americas","5110","Area","6621","Arable land","2013","2013","1000 ha","341631.1","A","Aggregate, may include official, semi-official, estimated or calculated data"
"RL","Land Use","5200","Americas","5110","Area","6621","Arable land","2014","2014","1000 ha","341141.47","A","Aggregate, may include official, semi-official, estimated or calculated data"
"RL","Land Use","5200","Americas","5110","Area","6621","Arable land","2015","2015","1000 ha","341397.8","A","Aggregate, may include official, semi-official, estimated or calculated data"
"RL","Land Use","5200","Americas","5110","Area","6621","Arable land","2016","2016","1000 ha","340690.5","A","Aggregate, may include official, semi-official, estimated or calculated data"
"RL","Land Use","5200","Americas","5110","Area","6621","Arable land","2017","2017","1000 ha","343054.83","A","Aggregate, may include official, semi-official, estimated or calculated data"
"RL","Land Use","5200","Americas","5110","Area","6621","Arable land","2018","2018","1000 ha","341875.6797","A","Aggregate, may include official, semi-official, estimated or calculated data"
"RL","Land Use","5200","Americas","5110","Area","6621","Arable land","2019","2019","1000 ha","341232.9397","A","Aggregate, may include official, semi-official, estimated or calculated data"
"RL","Land Use","5200","Americas","5110","Area","6646","Forest land","2010","2010","1000 ha","1624344.25","A","Aggregate, may include official, semi-official, estimated or calculated data"
"RL","Land Use","5200","Americas","5110","Area","6646","Forest land","2011","2011","1000 ha","1621682.85","A","Aggregate, may include official, semi-official, estimated or calculated data"
"RL","Land Use","5200","Americas","5110","Area","6646","Forest land","2012","2012","1000 ha","1619021.45","A","Aggregate, may include official, semi-official, estimated or calculated data"
"RL","Land Use","5200","Americas","5110","Area","6646","Forest land","2013","2013","1000 ha","1616360.05","A","Aggregate, may include official, semi-official, estimated or calculated data"
"RL","Land Use","5200","Americas","5110","Area","6646","Forest land","2014","2014","1000 ha","1613698.65","A","Aggregate, may include official, semi-official, estimated or calculated data"
"RL","Land Use","5200","Americas","5110","Area","6646","Forest land","2015","2015","1000 ha","1611037.25","A","Aggregate, may include official, semi-official, estimated or calculated data"
"RL","Land Use","5200","Americas","5110","Area","6646","Forest land","2016","2016","1000 ha","1608023.35","A","Aggregate, may include official, semi-official, estimated or calculated data"
"RL","Land Use","5200","Americas","5110","Area","6646","Forest land","2017","2017","1000 ha","1604222.0886","A","Aggregate, may include official, semi-official, estimated or calculated data"
"RL","Land Use","5200","Americas","5110","Area","6646","Forest land","2018","2018","1000 ha","1601863.13","A","Aggregate, may include official, semi-official, estimated or calculated data"
"RL","Land Use","5200","Americas","5110","Area","6646","Forest land","2019","2019","1000 ha","1599319.34","A","Aggregate, may include official, semi-official, estimated or calculated data"
"RL","Land Use","5300","Asia","5110","Area","6602","Agriculture","2010","2010","1000 ha","1659361.67","A","Aggregate, may include official, semi-official, estimated or calculated data"
"RL","Land Use","5300","Asia","5110","Area","6602","Agriculture","2011","2011","1000 ha","1660026.36","A","Aggregate, may include official, semi-official, estimated or calculated data"
"RL","Land Use","5300","Asia","5110","Area","6602","Agriculture","2012","2012","1000 ha","1661143.6233","A","Aggregate, may include official, semi-official, estimated or calculated data"
"RL","Land Use","5300","Asia","5110","Area","6602","Agriculture","2013","2013","1000 ha","1662695.691","A","Aggregate, may include official, semi-official, estimated or calculated data"
"RL","Land Use","5300","Asia","5110","Area","6602","Agriculture","2014","2014","1000 ha","1663473.3","A","Aggregate, may include official, semi-official, estimated or calculated data"
"RL","Land Use","5300","Asia","5110","Area","6602","Agriculture","2015","2015","1000 ha","1665108.6699","A","Aggregate, may include official, semi-official, estimated or calculated data"
"RL","Land Use","5300","Asia","5110","Area","6602","Agriculture","2016","2016","1000 ha","1668044.45","A","Aggregate, may include official, semi-official, estimated or calculated data"
"RL","Land Use","5300","Asia","5110","Area","6602","Agriculture","2017","2017","1000 ha","1670457.4852","A","Aggregate, may include official, semi-official, estimated or calculated data"
"RL","Land Use","5300","Asia","5110","Area","6602","Agriculture","2018","2018","1000 ha","1669716.3797","A","Aggregate, may include official, semi-official, estimated or calculated data"
"RL","Land Use","5300","Asia","5110","Area","6602","Agriculture","2019","2019","1000 ha","1668442.0155","A","Aggregate, may include official, semi-official, estimated or calculated data"
"RL","Land Use","5300","Asia","5110","Area","6610","Agricultural land","2010","2010","1000 ha","1659361.67","A","Aggregate, may include official, semi-official, estimated or calculated data"
"RL","Land Use","5300","Asia","5110","Area","6610","Agricultural land","2011","2011","1000 ha","1660026.36","A","Aggregate, may include official, semi-official, estimated or calculated data"
"RL","Land Use","5300","Asia","5110","Area","6610","Agricultural land","2012","2012","1000 ha","1661143.6233","A","Aggregate, may include official, semi-official, estimated or calculated data"
"RL","Land Use","5300","Asia","5110","Area","6610","Agricultural land","2013","2013","1000 ha","1662255.45","A","Aggregate, may include official, semi-official, estimated or calculated data"
"RL","Land Use","5300","Asia","5110","Area","6610","Agricultural land","2014","2014","1000 ha","1662982.84","A","Aggregate, may include official, semi-official, estimated or calculated data"
"RL","Land Use","5300","Asia","5110","Area","6610","Agricultural land","2015","2015","1000 ha","1664664.6799","A","Aggregate, may include official, semi-official, estimated or calculated data"
"RL","Land Use","5300","Asia","5110","Area","6610","Agricultural land","2016","2016","1000 ha","1667564.11","A","Aggregate, may include official, semi-official, estimated or calculated data"
"RL","Land Use","5300","Asia","5110","Area","6610","Agricultural land","2017","2017","1000 ha","1669972.22","A","Aggregate, may include official, semi-official, estimated or calculated data"
"RL","Land Use","5300","Asia","5110","Area","6610","Agricultural land","2018","2018","1000 ha","1669231.6867","A","Aggregate, may include official, semi-official, estimated or calculated data"
"RL","Land Use","5300","Asia","5110","Area","6610","Agricultural land","2019","2019","1000 ha","1667953.585","A","Aggregate, may include official, semi-official, estimated or calculated data"
"RL","Land Use","5300","Asia","5110","Area","6620","Cropland","2010","2010","1000 ha","575878.17","A","Aggregate, may include official, semi-official, estimated or calculated data"
"RL","Land Use","5300","Asia","5110","Area","6620","Cropland","2011","2011","1000 ha","577697.46","A","Aggregate, may include official, semi-official, estimated or calculated data"
"RL","Land Use","5300","Asia","5110","Area","6620","Cropland","2012","2012","1000 ha","579321.0233","A","Aggregate, may include official, semi-official, estimated or calculated data"
"RL","Land Use","5300","Asia","5110","Area","6620","Cropland","2013","2013","1000 ha","580776.75","A","Aggregate, may include official, semi-official, estimated or calculated data"
"RL","Land Use","5300","Asia","5110","Area","6620","Cropland","2014","2014","1000 ha","581653.64","A","Aggregate, may include official, semi-official, estimated or calculated data"
"RL","Land Use","5300","Asia","5110","Area","6620","Cropland","2015","2015","1000 ha","584061.6799","A","Aggregate, may include official, semi-official, estimated or calculated data"
"RL","Land Use","5300","Asia","5110","Area","6620","Cropland","2016","2016","1000 ha","587191.79","A","Aggregate, may include official, semi-official, estimated or calculated data"
"RL","Land Use","5300","Asia","5110","Area","6620","Cropland","2017","2017","1000 ha","589845.89","A","Aggregate, may include official, semi-official, estimated or calculated data"
"RL","Land Use","5300","Asia","5110","Area","6620","Cropland","2018","2018","1000 ha","589603.4947","A","Aggregate, may include official, semi-official, estimated or calculated data"
"RL","Land Use","5300","Asia","5110","Area","6620","Cropland","2019","2019","1000 ha","590071.825","A","Aggregate, may include official, semi-official, estimated or calculated data"
"RL","Land Use","5300","Asia","5110","Area","6621","Arable land","2010","2010","1000 ha","494679.9","A","Aggregate, may include official, semi-official, estimated or calculated data"
"RL","Land Use","5300","Asia","5110","Area","6621","Arable land","2011","2011","1000 ha","494170.74","A","Aggregate, may include official, semi-official, estimated or calculated data"
"RL","Land Use","5300","Asia","5110","Area","6621","Arable land","2012","2012","1000 ha","494103.2633","A","Aggregate, may include official, semi-official, estimated or calculated data"
"RL","Land Use","5300","Asia","5110","Area","6621","Arable land","2013","2013","1000 ha","494221.93","A","Aggregate, may include official, semi-official, estimated or calculated data"
"RL","Land Use","5300","Asia","5110","Area","6621","Arable land","2014","2014","1000 ha","495087.54","A","Aggregate, may include official, semi-official, estimated or calculated data"
"RL","Land Use","5300","Asia","5110","Area","6621","Arable land","2015","2015","1000 ha","496277.5799","A","Aggregate, may include official, semi-official, estimated or calculated data"
"RL","Land Use","5300","Asia","5110","Area","6621","Arable land","2016","2016","1000 ha","497771.59","A","Aggregate, may include official, semi-official, estimated or calculated data"
"RL","Land Use","5300","Asia","5110","Area","6621","Arable land","2017","2017","1000 ha","499320.63","A","Aggregate, may include official, semi-official, estimated or calculated data"
"RL","Land Use","5300","Asia","5110","Area","6621","Arable land","2018","2018","1000 ha","498895.125","A","Aggregate, may include official, semi-official, estimated or calculated data"
"RL","Land Use","5300","Asia","5110","Area","6621","Arable land","2019","2019","1000 ha","498574.2292","A","Aggregate, may include official, semi-official, estimated or calculated data"
"RL","Land Use","5300","Asia","5110","Area","6646","Forest land","2010","2010","1000 ha","610959.9065","A","Aggregate, may include official, semi-official, estimated or calculated data"
"RL","Land Use","5300","Asia","5110","Area","6646","Forest land","2011","2011","1000 ha","611989.2321","A","Aggregate, may include official, semi-official, estimated or calculated data"
"RL","Land Use","5300","Asia","5110","Area","6646","Forest land","2012","2012","1000 ha","613018.5577","A","Aggregate, may include official, semi-official, estimated or calculated data"
"RL","Land Use","5300","Asia","5110","Area","6646","Forest land","2013","2013","1000 ha","614047.8833","A","Aggregate, may include official, semi-official, estimated or calculated data"
"RL","Land Use","5300","Asia","5110","Area","6646","Forest land","2014","2014","1000 ha","615077.209","A","Aggregate, may include official, semi-official, estimated or calculated data"
"RL","Land Use","5300","Asia","5110","Area","6646","Forest land","2015","2015","1000 ha","616106.5346","A","Aggregate, may include official, semi-official, estimated or calculated data"
"RL","Land Use","5300","Asia","5110","Area","6646","Forest land","2016","2016","1000 ha","618419.5977","A","Aggregate, may include official, semi-official, estimated or calculated data"
"RL","Land Use","5300","Asia","5110","Area","6646","Forest land","2017","2017","1000 ha","618894.215","A","Aggregate, may include official, semi-official, estimated or calculated data"
"RL","Land Use","5300","Asia","5110","Area","6646","Forest land","2018","2018","1000 ha","620160.1262","A","Aggregate, may include official, semi-official, estimated or calculated data"
"RL","Land Use","5300","Asia","5110","Area","6646","Forest land","2019","2019","1000 ha","621427.43","A","Aggregate, may include official, semi-official, estimated or calculated data"
"RL","Land Use","5400","Europe","5110","Area","6602","Agriculture","2010","2010","1000 ha","467645.15","A","Aggregate, may include official, semi-official, estimated or calculated data"
"RL","Land Use","5400","Europe","5110","Area","6602","Agriculture","2011","2011","1000 ha","466604.19","A","Aggregate, may include official, semi-official, estimated or calculated data"
"RL","Land Use","5400","Europe","5110","Area","6602","Agriculture","2012","2012","1000 ha","465708.4","A","Aggregate, may include official, semi-official, estimated or calculated data"
"RL","Land Use","5400","Europe","5110","Area","6602","Agriculture","2013","2013","1000 ha","466797.5008","A","Aggregate, may include official, semi-official, estimated or calculated data"
"RL","Land Use","5400","Europe","5110","Area","6602","Agriculture","2014","2014","1000 ha","466597.5038","A","Aggregate, may include official, semi-official, estimated or calculated data"
"RL","Land Use","5400","Europe","5110","Area","6602","Agriculture","2015","2015","1000 ha","466360.0045","A","Aggregate, may include official, semi-official, estimated or calculated data"
"RL","Land Use","5400","Europe","5110","Area","6602","Agriculture","2016","2016","1000 ha","465556.4203","A","Aggregate, may include official, semi-official, estimated or calculated data"
"RL","Land Use","5400","Europe","5110","Area","6602","Agriculture","2017","2017","1000 ha","465240.9028","A","Aggregate, may include official, semi-official, estimated or calculated data"
"RL","Land Use","5400","Europe","5110","Area","6602","Agriculture","2018","2018","1000 ha","464742.5809","A","Aggregate, may include official, semi-official, estimated or calculated data"
"RL","Land Use","5400","Europe","5110","Area","6602","Agriculture","2019","2019","1000 ha","465863.6864","A","Aggregate, may include official, semi-official, estimated or calculated data"
"RL","Land Use","5400","Europe","5110","Area","6610","Agricultural land","2010","2010","1000 ha","467645.15","A","Aggregate, may include official, semi-official, estimated or calculated data"
"RL","Land Use","5400","Europe","5110","Area","6610","Agricultural land","2011","2011","1000 ha","466604.19","A","Aggregate, may include official, semi-official, estimated or calculated data"
"RL","Land Use","5400","Europe","5110","Area","6610","Agricultural land","2012","2012","1000 ha","465708.4","A","Aggregate, may include official, semi-official, estimated or calculated data"
"RL","Land Use","5400","Europe","5110","Area","6610","Agricultural land","2013","2013","1000 ha","465247.1623","A","Aggregate, may include official, semi-official, estimated or calculated data"
"RL","Land Use","5400","Europe","5110","Area","6610","Agricultural land","2014","2014","1000 ha","463328.3637","A","Aggregate, may include official, semi-official, estimated or calculated data"
"RL","Land Use","5400","Europe","5110","Area","6610","Agricultural land","2015","2015","1000 ha","462954.2726","A","Aggregate, may include official, semi-official, estimated or calculated data"
"RL","Land Use","5400","Europe","5110","Area","6610","Agricultural land","2016","2016","1000 ha","462220.0479","A","Aggregate, may include official, semi-official, estimated or calculated data"
"RL","Land Use","5400","Europe","5110","Area","6610","Agricultural land","2017","2017","1000 ha","462160.8429","A","Aggregate, may include official, semi-official, estimated or calculated data"
"RL","Land Use","5400","Europe","5110","Area","6610","Agricultural land","2018","2018","1000 ha","461335.1411","A","Aggregate, may include official, semi-official, estimated or calculated data"
"RL","Land Use","5400","Europe","5110","Area","6610","Agricultural land","2019","2019","1000 ha","462609.0663","A","Aggregate, may include official, semi-official, estimated or calculated data"
"RL","Land Use","5400","Europe","5110","Area","6620","Cropland","2010","2010","1000 ha","290221.91","A","Aggregate, may include official, semi-official, estimated or calculated data"
"RL","Land Use","5400","Europe","5110","Area","6620","Cropland","2011","2011","1000 ha","289859.82","A","Aggregate, may include official, semi-official, estimated or calculated data"
"RL","Land Use","5400","Europe","5110","Area","6620","Cropland","2012","2012","1000 ha","290445.17","A","Aggregate, may include official, semi-official, estimated or calculated data"
"RL","Land Use","5400","Europe","5110","Area","6620","Cropland","2013","2013","1000 ha","289706.7367","A","Aggregate, may include official, semi-official, estimated or calculated data"
"RL","Land Use","5400","Europe","5110","Area","6620","Cropland","2014","2014","1000 ha","289545.1741","A","Aggregate, may include official, semi-official, estimated or calculated data"
"RL","Land Use","5400","Europe","5110","Area","6620","Cropland","2015","2015","1000 ha","289141.0348","A","Aggregate, may include official, semi-official, estimated or calculated data"
"RL","Land Use","5400","Europe","5110","Area","6620","Cropland","2016","2016","1000 ha","288638.1002","A","Aggregate, may include official, semi-official, estimated or calculated data"
"RL","Land Use","5400","Europe","5110","Area","6620","Cropland","2017","2017","1000 ha","288749.6794","A","Aggregate, may include official, semi-official, estimated or calculated data"
"RL","Land Use","5400","Europe","5110","Area","6620","Cropland","2018","2018","1000 ha","288237.7063","A","Aggregate, may include official, semi-official, estimated or calculated data"
"RL","Land Use","5400","Europe","5110","Area","6620","Cropland","2019","2019","1000 ha","288794.353","A","Aggregate, may include official, semi-official, estimated or calculated data"
"RL","Land Use","5400","Europe","5110","Area","6621","Arable land","2010","2010","1000 ha","274687.45","A","Aggregate, may include official, semi-official, estimated or calculated data"
"RL","Land Use","5400","Europe","5110","Area","6621","Arable land","2011","2011","1000 ha","274543.62","A","Aggregate, may include official, semi-official, estimated or calculated data"
"RL","Land Use","5400","Europe","5110","Area","6621","Arable land","2012","2012","1000 ha","274803.68","A","Aggregate, may include official, semi-official, estimated or calculated data"
"RL","Land Use","5400","Europe","5110","Area","6621","Arable land","2013","2013","1000 ha","274274.8024","A","Aggregate, may include official, semi-official, estimated or calculated data"
"RL","Land Use","5400","Europe","5110","Area","6621","Arable land","2014","2014","1000 ha","274148.9118","A","Aggregate, may include official, semi-official, estimated or calculated data"
"RL","Land Use","5400","Europe","5110","Area","6621","Arable land","2015","2015","1000 ha","273656.9058","A","Aggregate, may include official, semi-official, estimated or calculated data"
"RL","Land Use","5400","Europe","5110","Area","6621","Arable land","2016","2016","1000 ha","273342.9887","A","Aggregate, may include official, semi-official, estimated or calculated data"
"RL","Land Use","5400","Europe","5110","Area","6621","Arable land","2017","2017","1000 ha","273399.5097","A","Aggregate, may include official, semi-official, estimated or calculated data"
"RL","Land Use","5400","Europe","5110","Area","6621","Arable land","2018","2018","1000 ha","272804.3432","A","Aggregate, may include official, semi-official, estimated or calculated data"
"RL","Land Use","5400","Europe","5110","Area","6621","Arable land","2019","2019","1000 ha","273371.1404","A","Aggregate, may include official, semi-official, estimated or calculated data"
"RL","Land Use","5400","Europe","5110","Area","6646","Forest land","2010","2010","1000 ha","1013982.3822","A","Aggregate, may include official, semi-official, estimated or calculated data"
"RL","Land Use","5400","Europe","5110","Area","6646","Forest land","2011","2011","1000 ha","1014347.1979","A","Aggregate, may include official, semi-official, estimated or calculated data"
"RL","Land Use","5400","Europe","5110","Area","6646","Forest land","2012","2012","1000 ha","1014712.0135","A","Aggregate, may include official, semi-official, estimated or calculated data"
"RL","Land Use","5400","Europe","5110","Area","6646","Forest land","2013","2013","1000 ha","1015076.8292","A","Aggregate, may include official, semi-official, estimated or calculated data"
"RL","Land Use","5400","Europe","5110","Area","6646","Forest land","2014","2014","1000 ha","1015441.6448","A","Aggregate, may include official, semi-official, estimated or calculated data"
"RL","Land Use","5400","Europe","5110","Area","6646","Forest land","2015","2015","1000 ha","1015806.4605","A","Aggregate, may include official, semi-official, estimated or calculated data"
"RL","Land Use","5400","Europe","5110","Area","6646","Forest land","2016","2016","1000 ha","1016332.6602","A","Aggregate, may include official, semi-official, estimated or calculated data"
"RL","Land Use","5400","Europe","5110","Area","6646","Forest land","2017","2017","1000 ha","1016789.1109","A","Aggregate, may include official, semi-official, estimated or calculated data"
"RL","Land Use","5400","Europe","5110","Area","6646","Forest land","2018","2018","1000 ha","1017014.47","A","Aggregate, may include official, semi-official, estimated or calculated data"
"RL","Land Use","5400","Europe","5110","Area","6646","Forest land","2019","2019","1000 ha","1017238.74","A","Aggregate, may include official, semi-official, estimated or calculated data"
"RL","Land Use","5500","Oceania","5110","Area","6602","Agriculture","2010","2010","1000 ha","412327.78","A","Aggregate, may include official, semi-official, estimated or calculated data"
"RL","Land Use","5500","Oceania","5110","Area","6602","Agriculture","2011","2011","1000 ha","423385.16","A","Aggregate, may include official, semi-official, estimated or calculated data"
"RL","Land Use","5500","Oceania","5110","Area","6602","Agriculture","2012","2012","1000 ha","419026.514","A","Aggregate, may include official, semi-official, estimated or calculated data"
"RL","Land Use","5500","Oceania","5110","Area","6602","Agriculture","2013","2013","1000 ha","410067.08","A","Aggregate, may include official, semi-official, estimated or calculated data"
"RL","Land Use","5500","Oceania","5110","Area","6602","Agriculture","2014","2014","1000 ha","419738.65","A","Aggregate, may include official, semi-official, estimated or calculated data"
"RL","Land Use","5500","Oceania","5110","Area","6602","Agriculture","2015","2015","1000 ha","378988.44","A","Aggregate, may include official, semi-official, estimated or calculated data"
"RL","Land Use","5500","Oceania","5110","Area","6602","Agriculture","2016","2016","1000 ha","384056.39","A","Aggregate, may include official, semi-official, estimated or calculated data"
"RL","Land Use","5500","Oceania","5110","Area","6602","Agriculture","2017","2017","1000 ha","406808.26","A","Aggregate, may include official, semi-official, estimated or calculated data"
"RL","Land Use","5500","Oceania","5110","Area","6602","Agriculture","2018","2018","1000 ha","390944.98","A","Aggregate, may include official, semi-official, estimated or calculated data"
"RL","Land Use","5500","Oceania","5110","Area","6602","Agriculture","2019","2019","1000 ha","396510.98","A","Aggregate, may include official, semi-official, estimated or calculated data"
"RL","Land Use","5500","Oceania","5110","Area","6610","Agricultural land","2010","2010","1000 ha","390119.78","A","Aggregate, may include official, semi-official, estimated or calculated data"
"RL","Land Use","5500","Oceania","5110","Area","6610","Agricultural land","2011","2011","1000 ha","409833.56","A","Aggregate, may include official, semi-official, estimated or calculated data"
"RL","Land Use","5500","Oceania","5110","Area","6610","Agricultural land","2012","2012","1000 ha","400628.514","A","Aggregate, may include official, semi-official, estimated or calculated data"
"RL","Land Use","5500","Oceania","5110","Area","6610","Agricultural land","2013","2013","1000 ha","385226.78","A","Aggregate, may include official, semi-official, estimated or calculated data"
"RL","Land Use","5500","Oceania","5110","Area","6610","Agricultural land","2014","2014","1000 ha","387892.65","A","Aggregate, may include official, semi-official, estimated or calculated data"
"RL","Land Use","5500","Oceania","5110","Area","6610","Agricultural land","2015","2015","1000 ha","361194.44","A","Aggregate, may include official, semi-official, estimated or calculated data"
"RL","Land Use","5500","Oceania","5110","Area","6610","Agricultural land","2016","2016","1000 ha","355580.39","A","Aggregate, may include official, semi-official, estimated or calculated data"
"RL","Land Use","5500","Oceania","5110","Area","6610","Agricultural land","2017","2017","1000 ha","384848.26","A","Aggregate, may include official, semi-official, estimated or calculated data"
"RL","Land Use","5500","Oceania","5110","Area","6610","Agricultural land","2018","2018","1000 ha","371757.98","A","Aggregate, may include official, semi-official, estimated or calculated data"
"RL","Land Use","5500","Oceania","5110","Area","6610","Agricultural land","2019","2019","1000 ha","375186.98","A","Aggregate, may include official, semi-official, estimated or calculated data"
"RL","Land Use","5500","Oceania","5110","Area","6620","Cropland","2010","2010","1000 ha","28225.55","A","Aggregate, may include official, semi-official, estimated or calculated data"
"RL","Land Use","5500","Oceania","5110","Area","6620","Cropland","2011","2011","1000 ha","34316.33","A","Aggregate, may include official, semi-official, estimated or calculated data"
"RL","Land Use","5500","Oceania","5110","Area","6620","Cropland","2012","2012","1000 ha","34275.984","A","Aggregate, may include official, semi-official, estimated or calculated data"
"RL","Land Use","5500","Oceania","5110","Area","6620","Cropland","2013","2013","1000 ha","33936.45","A","Aggregate, may include official, semi-official, estimated or calculated data"
"RL","Land Use","5500","Oceania","5110","Area","6620","Cropland","2014","2014","1000 ha","34678.32","A","Aggregate, may include official, semi-official, estimated or calculated data"
"RL","Land Use","5500","Oceania","5110","Area","6620","Cropland","2015","2015","1000 ha","33663.7","A","Aggregate, may include official, semi-official, estimated or calculated data"
"RL","Land Use","5500","Oceania","5110","Area","6620","Cropland","2016","2016","1000 ha","32708.63","A","Aggregate, may include official, semi-official, estimated or calculated data"
"RL","Land Use","5500","Oceania","5110","Area","6620","Cropland","2017","2017","1000 ha","33357.5","A","Aggregate, may include official, semi-official, estimated or calculated data"
"RL","Land Use","5500","Oceania","5110","Area","6620","Cropland","2018","2018","1000 ha","33619.01","A","Aggregate, may include official, semi-official, estimated or calculated data"
"RL","Land Use","5500","Oceania","5110","Area","6620","Cropland","2019","2019","1000 ha","33264.01","A","Aggregate, may include official, semi-official, estimated or calculated data"
"RL","Land Use","5500","Oceania","5110","Area","6621","Arable land","2010","2010","1000 ha","26505.36","A","Aggregate, may include official, semi-official, estimated or calculated data"
"RL","Land Use","5500","Oceania","5110","Area","6621","Arable land","2011","2011","1000 ha","32725.56","A","Aggregate, may include official, semi-official, estimated or calculated data"
"RL","Land Use","5500","Oceania","5110","Area","6621","Arable land","2012","2012","1000 ha","32711.964","A","Aggregate, may include official, semi-official, estimated or calculated data"
"RL","Land Use","5500","Oceania","5110","Area","6621","Arable land","2013","2013","1000 ha","32337.31","A","Aggregate, may include official, semi-official, estimated or calculated data"
"RL","Land Use","5500","Oceania","5110","Area","6621","Arable land","2014","2014","1000 ha","33124.76","A","Aggregate, may include official, semi-official, estimated or calculated data"
"RL","Land Use","5500","Oceania","5110","Area","6621","Arable land","2015","2015","1000 ha","32148.54","A","Aggregate, may include official, semi-official, estimated or calculated data"
"RL","Land Use","5500","Oceania","5110","Area","6621","Arable land","2016","2016","1000 ha","31177.83","A","Aggregate, may include official, semi-official, estimated or calculated data"
"RL","Land Use","5500","Oceania","5110","Area","6621","Arable land","2017","2017","1000 ha","31822.78","A","Aggregate, may include official, semi-official, estimated or calculated data"
"RL","Land Use","5500","Oceania","5110","Area","6621","Arable land","2018","2018","1000 ha","32072.04","A","Aggregate, may include official, semi-official, estimated or calculated data"
"RL","Land Use","5500","Oceania","5110","Area","6621","Arable land","2019","2019","1000 ha","31698.54","A","Aggregate, may include official, semi-official, estimated or calculated data"
"RL","Land Use","5500","Oceania","5110","Area","6646","Forest land","2010","2010","1000 ha","181015.0353","A","Aggregate, may include official, semi-official, estimated or calculated data"
"RL","Land Use","5500","Oceania","5110","Area","6646","Forest land","2011","2011","1000 ha","181699.0104","A","Aggregate, may include official, semi-official, estimated or calculated data"
"RL","Land Use","5500","Oceania","5110","Area","6646","Forest land","2012","2012","1000 ha","182382.9855","A","Aggregate, may include official, semi-official, estimated or calculated data"
"RL","Land Use","5500","Oceania","5110","Area","6646","Forest land","2013","2013","1000 ha","183066.9606","A","Aggregate, may include official, semi-official, estimated or calculated data"
"RL","Land Use","5500","Oceania","5110","Area","6646","Forest land","2014","2014","1000 ha","183750.9358","A","Aggregate, may include official, semi-official, estimated or calculated data"
"RL","Land Use","5500","Oceania","5110","Area","6646","Forest land","2015","2015","1000 ha","184434.9109","A","Aggregate, may include official, semi-official, estimated or calculated data"
"RL","Land Use","5500","Oceania","5110","Area","6646","Forest land","2016","2016","1000 ha","185346.55","A","Aggregate, may include official, semi-official, estimated or calculated data"
"RL","Land Use","5500","Oceania","5110","Area","6646","Forest land","2017","2017","1000 ha","185302.78","A","Aggregate, may include official, semi-official, estimated or calculated data"
"RL","Land Use","5500","Oceania","5110","Area","6646","Forest land","2018","2018","1000 ha","185266.72","A","Aggregate, may include official, semi-official, estimated or calculated data"
"RL","Land Use","5500","Oceania","5110","Area","6646","Forest land","2019","2019","1000 ha","185249.02","A","Aggregate, may include official, semi-official, estimated or calculated data"
